,City,Country,Date,Lat,Lng,Max Temp,Humidity,Cloudiness,Wind Speed
0,Cidreira,BR,2020-02-16 21:45:36,-30.18,-50.21,77.79,86,0,18.01
1,Vaini,TO,2020-02-16 21:45:36,-21.2,-175.2,78.8,78,75,11.41
2,Vostok,RU,2020-02-16 21:45:36,46.49,135.88,6.84,93,100,7.78
3,New Norfolk,AU,2020-02-16 21:45:36,-42.78,147.06,55.99,70,75,11.41
4,Khatanga,RU,2020-02-16 21:45:36,71.97,102.5,1.31,96,99,10.63
5,Bredasdorp,ZA,2020-02-16 21:45:37,-34.53,20.04,68.0,68,2,8.05
6,Salalah,OM,2020-02-16 21:45:37,17.02,54.09,69.8,49,0,3.36
7,Lorengau,PG,2020-02-16 21:35:45,-2.02,147.27,83.21,79,47,11.12
8,Busselton,AU,2020-02-16 21:41:44,-33.65,115.33,55.0,60,0,11.52
9,Batemans Bay,AU,2020-02-16 21:38:41,-35.72,150.18,66.99,85,83,1.01
10,Coihaique,CL,2020-02-16 21:36:11,-45.58,-72.07,55.4,54,75,12.75
11,Qaanaaq,GL,2020-02-16 21:45:03,77.48,-69.36,1.09,45,61,7.4
12,Faanui,PF,2020-02-16 21:35:47,-16.48,-151.75,82.45,76,100,17.81
13,Bethel,US,2020-02-16 21:45:38,41.37,-73.41,44.01,48,75,5.82
14,Jamestown,US,2020-02-16 21:44:46,42.1,-79.24,36.0,80,90,11.41
15,Atuona,PF,2020-02-16 21:45:13,-9.8,-139.03,81.39,76,29,16.62
16,Mar Del Plata,AR,2020-02-16 21:44:38,-38.0,-57.56,78.01,47,20,8.05
17,Zyryanka,RU,2020-02-16 21:45:39,65.75,150.85,-19.68,89,0,9.28
18,Cape Town,ZA,2020-02-16 21:45:39,-33.93,18.42,68.0,88,75,14.99
19,Brandon,US,2020-02-16 21:44:28,27.94,-82.29,84.2,69,75,5.82
20,Oriximina,BR,2020-02-16 21:45:39,-1.77,-55.87,84.72,71,31,5.12
21,Ponta Do Sol,PT,2020-02-16 21:33:27,32.67,-17.1,64.4,77,40,6.93
22,Iracoubo,GF,2020-02-16 21:45:40,5.48,-53.2,79.32,81,84,17.36
23,Kinkala,CG,2020-02-16 21:45:40,-4.36,14.76,77.0,83,96,5.82
24,Grindavik,IS,2020-02-16 21:38:38,63.84,-22.43,35.6,76,75,23.04
25,Buchanan,LR,2020-02-16 21:45:40,5.88,-10.05,80.6,88,20,5.26
26,Hermanus,ZA,2020-02-16 21:45:40,-34.42,19.23,66.99,78,0,1.99
27,Hobart,AU,2020-02-16 21:42:32,-42.88,147.33,55.99,70,75,11.41
28,Hithadhoo,MV,2020-02-16 21:44:50,-0.6,73.08,82.78,75,22,6.06
29,Iskateley,RU,2020-02-16 21:45:41,67.68,53.15,19.72,92,92,17.43
30,Puerto Ayora,EC,2020-02-16 21:45:41,-0.74,-90.35,86.0,66,20,19.46
31,Raul Soares,BR,2020-02-16 21:45:41,-20.1,-42.45,77.22,90,76,4.16
32,Tuktoyaktuk,CA,2020-02-16 21:44:46,69.45,-133.04,-32.8,73,5,12.75
33,Bluff,NZ,2020-02-16 21:44:45,-46.6,168.33,68.0,83,57,1.99
34,Poum,NC,2020-02-16 21:35:57,-20.23,164.02,80.49,78,55,16.93
35,Fortuna,US,2020-02-16 21:45:42,40.6,-124.16,55.0,93,20,2.64
36,Dunedin,NZ,2020-02-16 21:31:05,-45.87,170.5,60.21,84,43,5.57
37,Thompson,CA,2020-02-16 21:45:12,55.74,-97.86,-9.4,63,75,6.93
38,Ushuaia,AR,2020-02-16 21:40:56,-54.8,-68.3,48.2,70,20,24.16
39,Contai,IN,2020-02-16 21:45:44,21.78,87.75,66.72,70,0,4.99
40,Geraldton,AU,2020-02-16 21:45:44,-28.77,114.6,66.2,77,5,11.41
41,Aklavik,CA,2020-02-16 21:45:44,68.22,-135.01,-22.0,67,5,4.7
42,La Ronge,CA,2020-02-16 21:45:45,55.1,-105.28,-0.4,77,75,10.29
43,Tadine,NC,2020-02-16 21:40:30,-21.55,167.88,79.07,79,8,12.84
44,Nyrob,RU,2020-02-16 21:45:45,60.73,56.72,21.87,94,100,8.37
45,Richards Bay,ZA,2020-02-16 21:45:46,-28.78,32.04,78.82,80,0,19.46
46,Russell,US,2020-02-16 21:39:39,32.35,-85.2,53.01,93,90,3.36
47,Airai,TL,2020-02-16 21:45:46,-8.93,125.41,67.51,92,40,2.42
48,Barra Patuca,HN,2020-02-16 21:45:46,15.8,-84.28,79.77,74,1,12.12
49,Fort Morgan,US,2020-02-16 21:45:46,40.25,-103.8,55.99,23,1,3.13
50,Dikson,RU,2020-02-16 21:45:47,73.51,80.55,14.02,93,100,17.45
51,Vila Franca Do Campo,PT,2020-02-16 21:36:02,37.72,-25.43,57.2,71,40,10.29
52,Rikitea,PF,2020-02-16 21:44:43,-23.12,-134.97,79.61,78,100,20.33
53,Tambacounda,SN,2020-02-16 21:36:20,13.75,-13.76,91.4,8,100,6.93
54,Quixada,BR,2020-02-16 21:45:48,-4.97,-39.02,73.87,91,99,4.83
55,Jinan,CN,2020-02-16 21:45:48,36.67,117.0,30.99,51,0,6.31
56,Jurado,CO,2020-02-16 21:45:48,7.11,-77.76,83.19,80,5,17.05
57,Sangar,RU,2020-02-16 21:40:18,63.92,127.47,-14.8,94,100,8.16
58,Ust-Omchug,RU,2020-02-16 21:45:48,61.15,149.63,-22.95,99,39,3.27
59,Burns Lake,CA,2020-02-16 21:41:34,54.23,-125.75,27.77,86,100,3.2
60,Maxixe,MZ,2020-02-16 21:45:49,-23.86,35.35,80.13,77,0,7.27
61,Georgetown,MY,2020-02-16 21:45:49,5.41,100.34,78.8,94,20,3.36
62,Nishihara,JP,2020-02-16 21:45:49,26.18,127.76,57.2,67,75,24.16
63,Port Lincoln,AU,2020-02-16 21:45:50,-34.73,135.87,64.31,81,0,6.69
64,Iqaluit,CA,2020-02-16 21:44:42,63.75,-68.51,-23.01,67,40,3.36
65,Dingle,PH,2020-02-16 21:45:50,11.0,122.67,72.72,88,3,8.41
66,Buala,SB,2020-02-16 21:45:50,-8.14,159.59,79.65,84,100,13.02
67,Carnarvon,AU,2020-02-16 21:45:50,-24.87,113.63,71.6,83,0,14.99
68,Baraganul,RO,2020-02-16 21:45:51,44.8,27.52,39.0,74,5,9.17
69,Olga,RU,2020-02-16 21:40:52,43.74,135.29,26.64,92,100,49.7
70,Bemidji,US,2020-02-16 21:45:51,47.47,-94.88,17.01,43,1,8.05
71,Porto Santo,PT,2020-02-16 21:38:28,33.07,-16.34,64.4,82,20,5.82
72,Punta Arenas,CL,2020-02-16 21:45:14,-53.15,-70.92,50.0,66,40,23.04
73,Tazovskiy,RU,2020-02-16 21:44:12,67.47,78.7,-1.05,96,98,9.26
74,Soe,ID,2020-02-16 21:44:51,-9.86,124.28,74.8,89,100,3.15
75,Alencon,FR,2020-02-16 21:45:52,48.43,0.08,48.2,93,100,9.17
76,Barrow,US,2020-02-16 21:45:52,71.29,-156.79,-40.0,74,1,4.7
77,Uttaradit,TH,2020-02-16 21:45:52,17.67,100.5,73.0,51,0,2.3
78,Provideniya,RU,2020-02-16 21:39:45,64.38,-173.3,3.2,91,90,26.84
79,Hilo,US,2020-02-16 21:45:53,19.73,-155.09,77.0,57,40,11.07
80,Albany,US,2020-02-16 21:44:46,42.6,-73.97,39.0,51,90,4.7
81,Talcher,IN,2020-02-16 21:45:53,20.95,85.22,66.0,41,0,1.45
82,Saskylakh,RU,2020-02-16 21:45:53,71.92,114.08,1.78,95,94,10.54
83,Conde,BR,2020-02-16 21:39:19,-7.26,-34.91,82.4,74,20,12.75
84,Port Alfred,ZA,2020-02-16 21:45:53,-33.59,26.89,70.0,95,78,8.99
85,Buraydah,SA,2020-02-16 21:45:54,26.33,43.98,73.4,38,40,9.17
86,Ust-Nera,RU,2020-02-16 21:44:10,64.57,143.2,-32.48,99,46,2.13
87,Cabo San Lucas,MX,2020-02-16 21:41:36,22.89,-109.91,80.6,56,90,2.24
88,Kloulklubed,PW,2020-02-16 21:45:54,7.04,134.26,78.8,83,75,5.82
89,Byron Bay,AU,2020-02-16 21:45:43,-28.65,153.62,77.0,94,63,3.36
90,East London,ZA,2020-02-16 21:45:25,-33.02,27.91,80.19,81,67,14.18
91,Yellowknife,CA,2020-02-16 21:42:04,62.46,-114.35,-23.01,67,20,10.29
92,Katra,IN,2020-02-16 21:45:55,32.98,74.95,49.66,46,0,9.44
93,Butaritari,KI,2020-02-16 21:44:59,3.07,172.79,82.81,77,40,21.0
94,Merauke,ID,2020-02-16 21:39:25,-8.47,140.33,76.51,94,14,4.14
95,Saint-Philippe,RE,2020-02-16 21:45:56,-21.36,55.77,77.0,69,100,8.05
96,Nerchinskiy Zavod,RU,2020-02-16 21:45:56,51.31,119.61,-0.63,95,0,2.15
97,Noshiro,JP,2020-02-16 21:45:56,40.2,140.02,46.76,67,100,20.11
98,Landeck,AT,2020-02-16 21:45:56,47.13,10.56,43.0,62,100,12.75
99,Vulcan,RO,2020-02-16 21:45:56,45.38,23.27,27.82,72,0,3.91
100,Rosetta,EG,2020-02-16 21:45:56,31.4,30.42,60.8,72,40,9.17
101,Lima,PE,2020-02-16 21:39:50,-12.04,-77.03,78.8,74,40,12.75
102,Ostrovnoy,RU,2020-02-16 21:45:57,68.05,39.51,31.75,85,100,27.45
103,Gijon,ES,2020-02-16 21:40:51,43.54,-5.66,55.99,100,75,18.34
104,Tombouctou,ML,2020-02-16 21:44:05,20.0,-3.0,76.93,8,100,10.18
105,Concordia,AR,2020-02-16 21:45:57,-31.39,-58.02,79.0,93,23,8.99
106,Labuhan,ID,2020-02-16 21:36:31,-6.88,112.21,73.18,91,99,4.59
107,Pierre,US,2020-02-16 21:44:19,44.37,-100.35,42.01,64,1,11.41
108,Almeirim,BR,2020-02-16 21:39:59,-1.52,-52.58,79.9,91,100,3.8
109,Bosaso,SO,2020-02-16 21:38:38,11.28,49.18,76.08,72,0,20.33
110,Kapaa,US,2020-02-16 21:45:58,22.08,-159.32,78.8,88,90,14.99
111,Port Blair,IN,2020-02-16 21:39:44,11.67,92.75,78.6,61,0,10.38
112,Karratha,AU,2020-02-16 21:40:00,-20.74,116.85,82.6,82,0,14.74
113,Los Llanos De Aridane,ES,2020-02-16 21:45:59,28.66,-17.92,66.99,68,75,11.41
114,Agadir,MA,2020-02-16 21:36:14,30.42,-9.6,69.8,30,0,9.17
115,Boffa,GN,2020-02-16 21:45:59,10.17,-14.03,76.69,86,92,7.85
116,Hambantota,LK,2020-02-16 21:45:59,6.12,81.12,78.66,79,0,20.11
117,Pleshanovo,RU,2020-02-16 21:46:00,52.83,53.48,4.8,98,79,3.71
118,Milton,US,2020-02-16 21:46:00,34.13,-84.3,50.0,93,90,2.15
119,Mataura,NZ,2020-02-16 21:44:50,-46.19,168.86,68.0,83,65,1.99
120,Angoche,MZ,2020-02-16 21:46:00,-16.23,39.91,77.05,92,36,3.44
121,Akhalgori,GE,2020-02-16 21:46:00,42.13,44.48,32.0,50,33,4.7
122,Tasiilaq,GL,2020-02-16 21:46:00,65.61,-37.64,28.4,46,100,4.7
123,Ancud,CL,2020-02-16 21:44:55,-41.87,-73.82,59.0,72,20,6.93
124,Vao,NC,2020-02-16 21:46:01,-22.67,167.48,78.15,78,0,16.44
125,Sobolivka,UA,2020-02-16 21:46:01,49.34,28.65,34.84,74,90,12.33
126,Owando,CG,2020-02-16 21:46:01,-0.48,15.9,78.84,60,40,1.48
127,Malinovskiy,RU,2020-02-16 21:46:02,61.2,62.84,10.08,95,38,5.14
128,Xining,CN,2020-02-16 21:46:02,36.62,101.77,12.34,41,0,3.02
129,Challapata,BO,2020-02-16 21:46:02,-18.9,-66.77,59.0,55,92,8.81
130,Santa Cruz De La Palma,ES,2020-02-16 21:46:02,28.68,-17.76,66.99,68,75,11.41
131,Kununurra,AU,2020-02-16 21:36:09,-15.77,128.73,78.8,88,100,3.36
132,Port Elizabeth,ZA,2020-02-16 21:46:02,-33.92,25.57,71.6,88,75,16.11
133,Vila Velha,BR,2020-02-16 21:42:58,-20.33,-40.29,84.0,78,40,10.29
134,Acarau,BR,2020-02-16 21:46:03,-2.89,-40.12,78.03,87,100,4.29
135,Araouane,ML,2020-02-16 21:44:08,18.9,-3.53,77.77,7,100,10.29
136,Sao Joao Da Barra,BR,2020-02-16 21:46:03,-21.64,-41.05,84.2,70,86,16.11
137,Rio Grande,BR,2020-02-16 21:42:29,-32.03,-52.1,91.4,52,20,14.99
138,Kangaatsiaq,GL,2020-02-16 21:46:04,68.31,-53.46,7.74,90,100,15.93
139,Lompoc,US,2020-02-16 21:46:04,34.64,-120.46,75.0,46,1,9.17
140,Srivardhan,IN,2020-02-16 21:46:04,18.03,73.02,74.14,62,0,4.72
141,Mastic Beach,US,2020-02-16 21:40:50,40.77,-72.85,44.6,64,90,8.05
142,Castro,BR,2020-02-16 21:46:04,-24.79,-50.01,78.28,67,77,2.89
143,Etchoropo,MX,2020-02-16 21:40:30,26.77,-109.67,71.01,73,99,5.01
144,Viedma,AR,2020-02-16 21:36:39,-40.81,-63.0,75.49,24,0,10.11
145,Petropavl,KZ,2020-02-16 21:46:05,54.88,69.16,18.75,95,100,7.25
146,Tabuk,PH,2020-02-16 21:46:05,17.42,121.44,70.12,78,35,3.91
147,Hof,DE,2020-02-16 21:46:05,50.32,11.92,57.0,70,1,16.71
148,Cabra,ES,2020-02-16 21:46:06,37.47,-4.44,57.99,81,0,1.12
149,Salvador,SV,2020-02-16 21:38:02,13.83,-88.92,91.4,27,0,4.7
150,Saint George,US,2020-02-16 21:37:58,37.1,-113.58,60.8,26,1,4.83
151,San Jeronimo,PE,2020-02-16 21:46:06,-11.95,-75.28,56.16,60,14,5.26
152,Broken Hill,AU,2020-02-16 21:39:32,-31.95,141.43,66.2,48,0,8.05
153,Haines Junction,CA,2020-02-16 21:36:07,60.75,-137.51,-9.83,92,96,4.27
154,Pemangkat,ID,2020-02-16 21:46:07,1.17,108.97,75.94,90,100,2.73
155,Santo Domingo,DO,2020-02-16 21:45:38,18.5,-69.99,82.4,74,75,6.93
156,Luanda,AO,2020-02-16 21:46:07,-8.84,13.23,82.4,78,20,4.7
157,Ust-Uda,RU,2020-02-16 21:46:07,54.17,103.03,0.43,99,30,0.85
158,Caravelas,BR,2020-02-16 21:46:08,-17.71,-39.25,81.21,80,0,13.38
159,Kundian,PK,2020-02-16 21:46:08,32.46,71.48,55.09,28,0,2.84
160,Avarua,CK,2020-02-16 21:45:10,-21.21,-159.78,78.8,88,100,6.93
161,Oktyabrskiy,RU,2020-02-16 21:44:23,54.48,53.47,7.81,95,100,6.02
162,Durazno,UY,2020-02-16 21:46:08,-33.41,-56.5,94.42,38,10,13.24
163,Bonavista,CA,2020-02-16 21:46:09,48.65,-53.11,30.99,84,100,14.0
164,Kaitangata,NZ,2020-02-16 21:46:09,-46.28,169.85,57.69,88,0,1.36
165,Sisimiut,GL,2020-02-16 21:40:27,66.94,-53.67,-2.9,89,98,3.91
166,Nikolskoye,RU,2020-02-16 21:44:50,59.7,30.79,37.4,86,90,8.95
167,Hobyo,SO,2020-02-16 21:36:27,5.35,48.53,76.33,76,30,14.27
168,Bengkulu,ID,2020-02-16 21:46:10,-3.8,102.27,73.11,89,100,3.74
169,Sitka,US,2020-02-16 21:46:10,57.05,-135.33,37.4,93,75,12.08
170,Sao Filipe,CV,2020-02-16 21:46:10,14.9,-24.5,74.34,51,0,16.04
171,Fare,PF,2020-02-16 21:46:10,-16.7,-151.02,82.67,76,100,18.23
172,Port Hedland,AU,2020-02-16 21:46:11,-20.32,118.57,80.6,100,90,6.93
173,Medea,DZ,2020-02-16 21:46:11,36.26,2.75,51.8,100,20,3.36
174,San Patricio,MX,2020-02-16 21:46:11,19.22,-104.7,86.0,70,20,11.41
175,Grand Gaube,MU,2020-02-16 21:46:11,-20.01,57.66,77.0,69,20,5.82
176,Inhambane,MZ,2020-02-16 21:44:52,-23.86,35.38,80.13,77,0,7.27
177,Tuatapere,NZ,2020-02-16 21:46:11,-46.13,167.68,68.0,83,100,1.99
178,Yining,CN,2020-02-16 21:46:12,29.04,114.56,32.09,69,0,0.78
179,Suez,EG,2020-02-16 21:46:12,29.97,32.53,57.31,83,1,10.83
180,Imeni Vorovskogo,RU,2020-02-16 21:46:12,55.72,38.34,37.0,74,100,8.95
181,Marystown,CA,2020-02-16 21:46:12,47.17,-55.15,31.44,82,100,27.38
182,Padang,ID,2020-02-16 21:46:13,-0.95,100.35,68.0,90,100,3.18
183,Hildburghausen,DE,2020-02-16 21:46:13,50.43,10.73,60.8,38,100,29.97
184,Cayenne,GF,2020-02-16 21:39:01,4.93,-52.33,80.6,78,90,10.29
185,Arraial Do Cabo,BR,2020-02-16 21:46:13,-22.97,-42.03,82.4,78,92,11.41
186,Sawtell,AU,2020-02-16 21:46:13,-30.38,153.1,75.2,94,90,8.05
187,Kencong,ID,2020-02-16 21:46:14,-8.28,113.37,82.44,74,99,6.24
188,Ribeira Grande,PT,2020-02-16 21:46:14,38.52,-28.7,53.6,71,40,11.41
189,Champerico,GT,2020-02-16 21:40:24,14.3,-91.92,91.4,55,40,11.41
190,Colares,PT,2020-02-16 21:46:14,38.8,-9.45,60.01,82,75,4.7
191,Coquimbo,CL,2020-02-16 21:46:15,-29.95,-71.34,68.0,68,20,12.75
192,Isla Mujeres,MX,2020-02-16 21:46:15,21.23,-86.73,84.2,58,40,10.29
193,Nouadhibou,MR,2020-02-16 21:39:52,20.93,-17.03,75.2,47,95,10.29
194,San Juan Del Sur,NI,2020-02-16 21:46:15,11.25,-85.87,84.2,70,40,9.17
195,Tura,IN,2020-02-16 21:38:30,25.52,90.22,62.85,67,0,1.99
196,Puerto Escondido,MX,2020-02-16 21:38:26,15.85,-97.07,86.0,84,5,6.93
197,Klaksvik,FO,2020-02-16 21:46:16,62.23,-6.59,37.4,93,97,5.82
198,Bichura,RU,2020-02-16 21:46:16,50.59,107.6,2.37,81,15,2.3
199,Vardo,NO,2020-02-16 21:38:47,70.37,31.11,32.0,96,90,20.8
200,Springdale,US,2020-02-16 21:46:16,36.19,-94.13,61.0,62,90,8.05
201,Upernavik,GL,2020-02-16 21:46:16,72.79,-56.15,0.3,93,100,8.5
202,Sechura,PE,2020-02-16 21:39:20,-5.56,-80.82,72.91,89,100,18.41
203,Norman Wells,CA,2020-02-16 21:44:51,65.28,-126.83,-34.6,65,5,3.36
204,Wanning,CN,2020-02-16 21:39:22,18.8,110.4,60.01,80,96,12.91
205,Grand-Santi,GF,2020-02-16 21:44:52,4.25,-54.38,80.53,79,82,4.34
206,Sao Paulo De Olivenca,BR,2020-02-16 21:46:18,-3.38,-68.87,84.07,66,98,2.08
207,Bathsheba,BB,2020-02-16 21:46:18,13.22,-59.52,82.4,61,20,17.22
208,Jiaozuo,CN,2020-02-16 21:46:18,35.24,113.23,31.05,35,0,6.78
209,Kodiak,US,2020-02-16 21:46:18,57.79,-152.41,28.4,68,1,4.7
210,Letlhakane,BW,2020-02-16 21:40:50,-21.42,25.58,78.85,57,100,13.44
211,Mandalgovi,MN,2020-02-16 21:39:34,45.76,106.27,13.35,58,0,10.11
212,Novokizhinginsk,RU,2020-02-16 21:46:19,51.61,109.59,2.1,90,0,4.79
213,Salinopolis,BR,2020-02-16 21:46:19,-0.61,-47.36,80.51,83,85,19.57
214,Egvekinot,RU,2020-02-16 21:46:19,66.32,-179.17,-17.39,91,100,16.33
215,Nadym,RU,2020-02-16 21:46:19,65.53,72.52,9.79,95,84,10.58
216,Lebu,CL,2020-02-16 21:46:19,-37.62,-73.65,67.77,58,0,8.66
217,Hanzhong,CN,2020-02-16 21:46:20,33.07,107.03,31.12,32,0,0.31
218,Hamilton,US,2020-02-16 21:45:26,39.18,-84.53,50.0,46,75,3.36
219,Evensk,RU,2020-02-16 21:46:20,61.95,159.23,-10.26,64,0,8.97
220,Isangel,VU,2020-02-16 21:46:21,-19.55,169.27,84.2,70,20,6.93
221,Gilbues,BR,2020-02-16 21:46:21,-9.83,-45.34,81.25,73,21,5.82
222,Esmeralda,CU,2020-02-16 21:46:21,21.85,-78.12,86.0,55,40,16.11
223,Zlitan,LY,2020-02-16 21:46:21,32.47,14.57,57.27,60,0,4.12
224,Severo-Kurilsk,RU,2020-02-16 21:44:48,50.68,156.12,18.36,93,72,9.95
225,Port Macquarie,AU,2020-02-16 21:46:21,-31.43,152.92,75.0,100,75,5.82
226,Babushkin,RU,2020-02-16 21:46:22,51.71,105.86,4.05,96,99,4.41
227,Victoria,HK,2020-02-16 21:36:51,22.29,114.16,51.01,61,40,12.75
228,Fez,MA,2020-02-16 21:46:22,34.04,-5.0,53.6,58,0,9.17
229,Namatanai,PG,2020-02-16 21:46:22,-3.67,152.43,83.14,77,67,16.89
230,Chapais,CA,2020-02-16 21:46:23,49.78,-74.85,6.8,55,20,12.75
231,San Cristobal,VE,2020-02-16 21:38:51,7.77,-72.22,87.8,52,40,8.05
232,Kjollefjord,NO,2020-02-16 21:46:23,70.95,27.35,32.0,86,90,13.87
233,Mount Isa,AU,2020-02-16 21:46:23,-20.73,139.5,78.8,36,0,6.93
234,Yoichi,JP,2020-02-16 21:46:24,43.2,140.77,24.8,92,75,11.41
235,Peniche,PT,2020-02-16 21:46:24,39.36,-9.38,60.01,82,90,4.7
236,Ambunti,PG,2020-02-16 21:46:24,-4.24,142.84,74.26,97,100,2.24
237,San Pedro,PH,2020-02-16 21:43:04,14.35,121.02,77.0,78,20,2.24
238,Rio Gallegos,AR,2020-02-16 21:42:06,-51.62,-69.22,59.0,33,20,29.97
239,Praia,CV,2020-02-16 21:44:17,14.92,-23.51,77.0,47,75,18.34
240,Waingapu,ID,2020-02-16 21:45:19,-9.66,120.26,83.46,74,40,5.55
241,Madawaska,US,2020-02-16 21:46:25,47.36,-68.33,32.0,74,90,8.05
242,Bestobe,KZ,2020-02-16 21:46:25,52.5,73.1,17.2,88,85,18.61
243,Maracaibo,VE,2020-02-16 21:42:12,10.63,-71.64,87.76,57,1,19.48
244,Marsa Matruh,EG,2020-02-16 21:36:38,31.35,27.25,60.21,77,17,15.61
245,Baker City,US,2020-02-16 21:38:18,44.77,-117.83,42.8,56,75,16.11
246,Rundu,NA,2020-02-16 21:46:26,-17.93,19.77,71.6,88,100,3.36
247,Zaoyang,CN,2020-02-16 21:46:26,32.13,112.75,32.92,51,0,2.91
248,Torbay,CA,2020-02-16 21:44:58,47.67,-52.73,32.0,80,90,27.51
249,Along,IN,2020-02-16 21:43:53,28.17,94.77,56.64,90,74,2.95
250,Dehloran,IR,2020-02-16 21:46:26,32.69,47.27,62.94,40,67,12.17
251,Lata,PT,2020-02-16 21:45:21,40.16,-8.33,61.0,82,90,4.7
252,Thinadhoo,MV,2020-02-16 21:46:27,0.53,72.93,82.22,80,27,10.6
253,Mount Gambier,AU,2020-02-16 21:45:18,-37.83,140.77,55.4,100,29,1.12
254,Tomatlan,MX,2020-02-16 21:46:27,19.93,-105.25,90.81,32,9,7.09
255,Soyo,AO,2020-02-16 21:46:27,-6.13,12.37,80.24,83,98,5.93
256,Awbari,LY,2020-02-16 21:46:28,26.59,12.78,55.06,37,0,5.41
257,Braco Do Norte,BR,2020-02-16 21:46:28,-28.27,-49.17,71.01,91,27,8.01
258,Chuy,UY,2020-02-16 21:46:29,-33.7,-53.46,86.2,57,0,10.76
259,Chaibasa,IN,2020-02-16 21:46:29,22.57,85.82,63.79,34,0,1.95
260,Bambous Virieux,MU,2020-02-16 21:44:52,-20.34,57.76,77.0,69,20,5.82
261,Ayorou,NE,2020-02-16 21:46:29,14.73,0.92,77.9,9,3,9.4
262,Mahajanga,MG,2020-02-16 21:46:29,-15.72,46.32,80.6,94,20,4.7
263,Boueni,YT,2020-02-16 21:46:29,-12.9,45.08,80.6,94,1,2.24
264,Jawhar,SO,2020-02-16 21:46:30,2.78,45.5,76.86,77,0,14.56
265,Diego De Almagro,CL,2020-02-16 21:46:30,-26.37,-70.05,81.84,27,55,12.97
266,Mahibadhoo,MV,2020-02-16 21:44:25,3.78,72.97,81.7,82,0,13.94
267,Tezu,IN,2020-02-16 21:40:44,27.92,96.17,59.5,83,93,3.13
268,Taitung,TW,2020-02-16 21:46:31,22.76,121.14,48.27,97,96,1.05
269,Warrnambool,AU,2020-02-16 21:46:31,-38.38,142.48,59.0,94,0,8.9
270,Comodoro Rivadavia,AR,2020-02-16 21:44:50,-45.87,-67.5,71.6,42,75,21.92
271,Ewing,US,2020-02-16 21:46:31,40.27,-74.8,51.01,45,1,5.82
272,Saint-Paul,RE,2020-02-16 21:42:43,-21.01,55.27,77.0,65,100,11.41
273,Sitia,GR,2020-02-16 21:46:32,35.2,26.1,55.99,63,21,18.01
274,Tocopilla,CL,2020-02-16 21:40:12,-22.09,-70.2,70.7,40,62,11.07
275,San Borja,BO,2020-02-16 21:44:55,-14.82,-66.85,86.41,84,37,1.48
276,Freetown,SL,2020-02-16 21:46:32,8.48,-13.23,73.06,91,0,1.95
277,Bereda,ES,2020-02-16 21:44:15,43.27,-7.54,57.0,93,75,1.12
278,Assiniboia,CA,2020-02-16 21:42:47,49.63,-105.98,22.64,88,100,5.84
279,Saint-Francois,FR,2020-02-16 21:46:33,46.42,3.91,55.99,66,100,6.93
280,Chokurdakh,RU,2020-02-16 21:44:54,70.63,147.92,-6.16,97,100,9.8
281,Pevek,RU,2020-02-16 21:45:04,69.7,170.31,-25.92,100,100,6.93
282,Jeremie,HT,2020-02-16 21:46:33,18.65,-74.12,73.69,82,41,1.88
283,Half Moon Bay,US,2020-02-16 21:46:34,37.46,-122.43,64.99,76,75,17.22
284,Bandarbeyla,SO,2020-02-16 21:44:22,9.49,50.81,76.05,75,78,14.67
285,Oranjestad,AW,2020-02-16 21:46:34,12.52,-70.03,84.2,66,40,26.4
286,Hami,CN,2020-02-16 21:46:34,42.8,93.45,17.17,54,93,3.09
287,Rock Springs,US,2020-02-16 21:43:18,41.59,-109.2,33.8,74,90,24.16
288,Mattru,SL,2020-02-16 21:46:35,7.62,-11.83,77.56,84,0,4.03
289,Rio Das Ostras,BR,2020-02-16 21:46:35,-22.53,-41.95,82.4,78,76,11.41
290,Qasigiannguit,GL,2020-02-16 21:39:44,68.82,-51.19,8.6,78,100,12.75
291,Katsuura,JP,2020-02-16 21:46:35,35.13,140.3,62.01,77,75,21.92
292,Guacimo,CR,2020-02-16 21:46:35,10.21,-83.68,82.4,53,20,11.41
293,Panzhihua,CN,2020-02-16 21:46:35,26.59,101.71,41.43,86,14,1.61
294,Talnakh,RU,2020-02-16 21:36:40,69.49,88.4,10.4,85,40,15.66
295,Krutinka,RU,2020-02-16 21:46:36,56.01,71.51,16.86,95,100,9.93
296,Sao Luiz Gonzaga,BR,2020-02-16 21:46:36,-28.41,-54.96,85.84,61,100,8.68
297,High Level,CA,2020-02-16 21:46:37,58.52,-117.14,-13.0,62,75,9.17
298,Poya,NC,2020-02-16 21:46:37,-21.35,165.15,79.07,73,67,6.15
299,Jiuquan,CN,2020-02-16 21:46:37,39.74,98.52,18.25,39,0,6.46
300,Nantucket,US,2020-02-16 21:46:37,41.28,-70.1,42.8,70,20,10.29
301,Tarauaca,BR,2020-02-16 21:46:37,-8.16,-70.77,80.87,93,83,3.36
302,Pangai,TO,2020-02-16 21:40:20,-19.8,-174.35,82.4,74,20,17.22
303,Saint Anthony,US,2020-02-16 21:46:38,45.02,-93.22,24.8,41,90,3.36
304,Sabang,ID,2020-02-16 21:46:38,5.89,95.32,81.46,72,17,8.66
305,Ouadda,CF,2020-02-16 21:40:36,8.08,22.4,75.54,18,9,4.59
306,Kingman,US,2020-02-16 21:46:39,35.19,-114.05,73.99,17,1,18.34
307,At-Bashi,KG,2020-02-16 21:46:39,41.17,75.81,-2.16,26,64,7.11
308,Tual,ID,2020-02-16 21:46:39,-5.67,132.75,83.19,80,77,12.53
309,Asfi,MA,2020-02-16 21:46:39,32.3,-9.24,57.96,86,0,10.58
310,Coari,BR,2020-02-16 21:46:39,-4.08,-63.14,86.2,74,51,2.33
311,Dalian,CN,2020-02-16 21:46:40,38.91,121.6,23.0,57,20,20.13
312,Shenjiamen,CN,2020-02-16 21:38:52,29.96,122.3,40.51,53,0,30.4
313,Suntar,RU,2020-02-16 21:46:40,62.14,117.63,7.61,94,100,6.46
314,Omsukchan,RU,2020-02-16 21:46:40,62.53,155.8,-29.33,100,19,3.11
315,Dzhebariki-Khaya,RU,2020-02-16 21:46:40,62.22,135.8,-17.03,98,100,1.5
316,Whyalla,AU,2020-02-16 21:46:41,-33.03,137.58,60.8,87,0,3.36
317,Kavaratti,IN,2020-02-16 21:46:41,10.57,72.64,81.64,71,0,7.87
318,Catuday,PH,2020-02-16 21:46:41,16.29,119.81,78.94,78,0,12.55
319,Raudeberg,NO,2020-02-16 21:46:41,61.99,5.14,43.0,75,75,31.09
320,Pangnirtung,CA,2020-02-16 21:44:07,66.15,-65.71,-25.6,67,90,2.17
321,Soderhamn,SE,2020-02-16 21:46:42,61.3,17.06,43.0,75,85,5.99
322,Beringovskiy,RU,2020-02-16 21:46:42,63.05,179.32,-4.34,93,100,24.05
323,Yelovo,RU,2020-02-16 21:46:42,57.05,54.92,12.52,95,100,11.79
324,Talaya,RU,2020-02-16 21:46:42,61.38,152.75,-27.27,100,100,2.37
325,Paamiut,GL,2020-02-16 21:38:42,61.99,-49.67,8.22,68,31,8.9
326,Indramayu,ID,2020-02-16 21:46:43,-6.33,108.32,78.55,81,100,5.86
327,Souillac,MU,2020-02-16 21:45:04,-20.52,57.52,77.0,69,20,5.82
328,Ilulissat,GL,2020-02-16 21:46:43,69.22,-51.1,8.6,78,100,12.75
329,Port Pirie,AU,2020-02-16 21:46:43,-33.18,138.02,60.8,87,0,3.36
330,Saldanha,ZA,2020-02-16 21:45:14,-33.01,17.94,64.4,88,0,3.36
331,Tiksi,RU,2020-02-16 21:45:06,71.69,128.87,-2.45,95,100,5.82
332,Escuinapa,MX,2020-02-16 21:43:43,22.85,-105.8,78.8,54,75,6.93
333,Sioux Lookout,CA,2020-02-16 21:46:44,50.1,-91.92,5.0,42,40,8.05
334,Trairi,BR,2020-02-16 21:46:45,-3.28,-39.27,75.97,93,100,3.0
335,Vidim,RU,2020-02-16 21:46:46,56.41,103.11,4.42,99,100,4.29
336,Mpanda,TZ,2020-02-16 21:46:46,-6.37,31.04,66.47,96,100,2.42
337,Bundaberg,AU,2020-02-16 21:40:46,-24.85,152.35,84.0,88,25,8.05
338,Tarko-Sale,RU,2020-02-16 21:40:22,64.92,77.78,12.0,88,99,9.93
339,Poyarkovo,RU,2020-02-16 21:39:26,49.6,128.68,-14.28,99,60,4.27
340,Nizhniy Baskunchak,RU,2020-02-16 21:46:48,48.22,46.83,29.03,86,0,4.05
341,Hofn,IS,2020-02-16 21:46:48,64.25,-15.21,39.69,54,27,6.64
342,Nanortalik,GL,2020-02-16 21:46:48,60.14,-45.24,23.92,67,86,24.85
343,Omboue,GA,2020-02-16 21:46:48,-1.57,9.26,76.77,93,100,2.26
344,Kishi,NG,2020-02-16 21:46:48,9.08,3.85,79.5,15,1,3.04
345,Dosso,NE,2020-02-16 21:46:48,13.05,3.19,75.88,9,0,9.95
346,Mahina,PF,2020-02-16 21:46:49,-17.51,-149.49,86.0,70,40,6.93
347,Pisco,PE,2020-02-16 21:42:28,-13.7,-76.22,75.99,30,40,19.46
348,Stavern,NO,2020-02-16 21:46:49,59.0,10.03,42.01,75,67,11.41
349,Roma,US,2020-02-16 21:45:52,43.21,-75.46,39.99,60,90,6.85
350,Narsaq,GL,2020-02-16 21:46:49,60.92,-46.05,21.2,67,14,4.76
351,Esperance,AU,2020-02-16 21:45:00,-33.87,121.9,57.2,82,40,2.24
352,Dir,PK,2020-02-16 21:46:50,35.21,71.88,40.42,33,0,8.95
353,Algeciras,ES,2020-02-16 21:46:50,36.13,-5.45,57.2,87,0,3.36
354,Gamba,GA,2020-02-16 21:39:14,-2.65,10.0,78.44,88,100,4.16
355,Saint-Augustin,CA,2020-02-16 21:38:34,51.23,-58.65,20.35,82,39,21.92
356,Lasa,IT,2020-02-16 21:46:51,46.62,10.7,37.99,73,9,3.36
357,Manokwari,ID,2020-02-16 21:45:05,-0.87,134.08,73.65,76,88,3.91
358,Joao Pinheiro,BR,2020-02-16 21:46:51,-17.74,-46.17,80.01,78,74,3.13
359,Wenling,CN,2020-02-16 21:46:52,28.37,121.36,36.0,65,0,1.01
360,Anahuac,MX,2020-02-16 21:46:52,27.23,-100.15,78.8,50,75,8.05
361,Lavrentiya,RU,2020-02-16 21:46:52,65.58,-171.0,-2.88,92,100,12.93
362,Kinablangan,PH,2020-02-16 21:46:52,7.69,126.55,70.41,86,0,4.38
363,Ambilobe,MG,2020-02-16 21:40:10,-13.2,49.05,75.34,91,86,2.51
364,Aleksandrov Gay,RU,2020-02-16 21:46:53,50.15,48.57,23.02,93,40,5.28
365,Vestmannaeyjar,IS,2020-02-16 21:38:21,63.44,-20.27,35.96,72,67,15.37
366,Margate,GB,2020-02-16 21:46:53,51.38,1.39,48.2,75,67,26.4
367,Luderitz,NA,2020-02-16 21:44:55,-26.65,15.16,68.0,82,3,2.24
368,Winnemucca,US,2020-02-16 21:44:29,40.97,-117.74,51.8,43,75,20.8
369,Dolores,AR,2020-02-16 21:46:54,-36.31,-57.68,93.42,26,2,11.77
370,Qinzhou,CN,2020-02-16 21:46:54,21.95,108.62,50.94,50,100,15.12
371,Birin,NP,2020-02-16 21:46:54,26.89,88.07,44.37,89,12,3.06
372,Shihezi,CN,2020-02-16 21:46:55,44.3,86.03,16.05,80,100,1.23
373,Lukaya,UG,2020-02-16 21:46:55,-0.15,31.87,67.68,81,18,4.14
374,Hwange,ZW,2020-02-16 21:46:55,-18.37,26.5,70.29,89,100,2.64
375,Sao Domingos Do Prata,BR,2020-02-16 21:46:56,-19.86,-42.97,72.12,95,100,6.53
376,Sindor,RU,2020-02-16 21:46:56,62.86,51.89,25.83,93,100,8.93
377,Mehamn,NO,2020-02-16 21:46:56,71.04,27.85,32.0,86,90,13.87
378,The Valley,AI,2020-02-16 21:37:28,18.22,-63.06,79.0,69,75,16.11
379,Vinh,VN,2020-02-16 21:46:57,18.67,105.67,58.5,81,100,2.93
380,Maltahohe,NA,2020-02-16 21:46:57,-24.83,16.98,73.76,45,100,4.32
381,Uige,AO,2020-02-16 21:46:57,-7.61,15.06,68.83,92,100,2.75
382,Leningradskiy,RU,2020-02-16 21:46:57,69.38,178.42,-23.53,96,96,6.98
383,Romans-Sur-Isere,FR,2020-02-16 21:46:57,45.05,5.06,53.01,76,90,10.29
384,Sayat,TM,2020-02-16 21:46:58,38.78,63.88,35.6,80,24,6.93
385,Kota Kinabalu,MY,2020-02-16 21:46:58,5.97,116.07,75.99,94,20,3.36
386,Namibe,AO,2020-02-16 21:46:58,-15.2,12.15,74.84,78,100,3.24
387,Port Moresby,PG,2020-02-16 21:42:43,-9.44,147.18,73.4,100,20,10.29
388,The Pas,CA,2020-02-16 21:46:59,53.83,-101.25,-0.4,70,90,4.7
389,Siderno,IT,2020-02-16 21:46:59,38.28,16.3,55.0,87,5,2.24
390,La Rioja,ES,2020-02-16 21:46:59,42.25,-2.5,50.0,87,100,1.12
391,Naze,JP,2020-02-16 21:38:45,28.37,129.48,57.2,67,90,21.92
392,Nova Olimpia,BR,2020-02-16 21:43:59,-14.8,-57.29,88.07,72,37,3.76
393,Beidao,CN,2020-02-16 21:47:00,34.57,105.89,22.06,29,0,2.57
394,Derzhavinsk,KZ,2020-02-16 21:47:00,51.1,66.32,8.2,94,99,13.67
395,Anadyr,RU,2020-02-16 21:38:03,64.75,177.48,1.4,59,100,26.84
396,Gravdal,NO,2020-02-16 21:47:00,68.12,13.5,33.8,81,75,2.24
397,Vanavara,RU,2020-02-16 21:47:00,60.34,102.28,1.04,97,60,4.68
398,Koslan,RU,2020-02-16 21:39:26,63.46,48.9,23.54,93,99,9.53
399,Berdigestyakh,RU,2020-02-16 21:46:02,62.1,126.7,3.36,95,97,6.24
400,Kudahuvadhoo,MV,2020-02-16 21:40:48,2.67,72.89,82.67,79,0,14.76
401,Itarema,BR,2020-02-16 21:40:34,-2.92,-39.92,78.03,87,100,4.29
402,Mahebourg,MU,2020-02-16 21:47:01,-20.41,57.7,77.0,69,20,5.82
403,Ko Samui,TH,2020-02-16 21:47:02,9.54,99.94,81.05,76,11,9.8
404,Yelizovo,RU,2020-02-16 21:47:02,53.19,158.38,5.0,77,0,8.95
405,Maragogi,BR,2020-02-16 21:47:02,-9.01,-35.22,82.71,71,40,10.07
406,Kruisfontein,ZA,2020-02-16 21:47:02,-34.0,24.73,69.64,90,100,5.55
407,Duncan,US,2020-02-16 21:47:03,34.5,-97.96,62.6,67,1,9.17
408,Nortelandia,BR,2020-02-16 21:47:03,-14.45,-56.8,85.39,79,30,2.98
409,Camana,PE,2020-02-16 21:47:03,-16.62,-72.71,72.7,65,14,10.38
410,Walvis Bay,NA,2020-02-16 21:39:49,-22.96,14.51,66.2,82,41,11.41
411,Sambava,MG,2020-02-16 21:47:03,-14.27,50.17,74.08,93,100,2.57
412,Guerrero Negro,MX,2020-02-16 21:39:13,27.98,-114.06,71.29,41,100,11.16
413,Deputatskiy,RU,2020-02-16 21:47:04,69.3,139.9,-3.75,94,94,2.8
414,Dhidhdhoo,MV,2020-02-16 21:47:04,6.88,73.1,81.48,79,0,11.79
415,Banning,US,2020-02-16 21:46:19,33.93,-116.88,77.0,36,1,19.46
416,Formosa Do Rio Preto,BR,2020-02-16 21:47:05,-11.05,-45.19,75.9,91,28,3.0
417,Vuktyl,RU,2020-02-16 21:47:05,63.86,57.31,17.51,93,99,10.27
418,Sokolovo,RU,2020-02-16 21:47:05,52.53,84.79,12.15,85,99,1.21
419,Montepuez,MZ,2020-02-16 21:47:05,-13.13,39.0,70.81,92,96,2.01
420,San Francisco,US,2020-02-16 21:42:51,37.77,-122.42,66.0,76,75,17.22
421,Laguna,US,2020-02-16 21:40:12,38.42,-121.42,68.0,45,1,5.82
422,Camacha,PT,2020-02-16 21:47:07,33.08,-16.33,64.4,82,20,4.7
423,Zverinogolovskoye,RU,2020-02-16 21:44:07,54.46,64.85,12.63,96,96,5.01
424,Kavieng,PG,2020-02-16 21:47:07,-2.57,150.8,83.19,75,87,9.22
425,Batagay,RU,2020-02-16 21:47:08,67.63,134.63,-8.88,82,100,2.08
426,Mauguio,FR,2020-02-16 21:47:08,43.62,4.01,55.4,93,90,12.75
427,Karachi,PK,2020-02-16 21:45:47,24.91,67.08,62.6,48,33,5.82
428,Avera,US,2020-02-16 21:47:08,33.19,-82.53,48.2,100,90,3.36
429,Jalu,LY,2020-02-16 21:47:08,29.03,21.55,59.11,50,0,9.01
430,Bocaiuva,BR,2020-02-16 21:47:09,-17.11,-43.81,74.8,87,92,3.44
431,Tahoua,NE,2020-02-16 21:47:09,14.89,5.27,72.64,12,31,10.94
432,Jinsha,CN,2020-02-16 21:47:09,32.09,121.07,34.0,57,0,1.01
433,Kaitong,CN,2020-02-16 21:47:09,44.81,123.15,-3.23,95,0,8.75
434,Suhbaatar,MN,2020-02-16 21:47:10,50.23,106.21,-0.9,91,4,1.63
435,Pavlogradka,RU,2020-02-16 21:47:10,54.2,73.56,13.39,96,88,11.23
436,Waipawa,NZ,2020-02-16 21:47:10,-41.41,175.52,68.0,82,84,21.92
437,Pocoes,BR,2020-02-16 21:47:10,-14.53,-40.37,73.53,75,18,6.82
438,Porto Walter,BR,2020-02-16 21:47:10,-8.27,-72.74,88.5,48,12,6.42
439,Vung Tau,VN,2020-02-16 21:47:11,10.35,107.08,78.26,81,78,13.98
440,Chapada Dos Guimaraes,BR,2020-02-16 21:47:11,-15.46,-55.75,93.2,46,40,5.82
441,Yulara,AU,2020-02-16 21:47:11,-25.24,130.99,77.0,25,0,9.17
442,Zeya,RU,2020-02-16 21:47:11,53.75,127.27,-10.19,85,0,3.24
443,Irtyshskiy,RU,2020-02-16 21:47:11,58.33,68.13,23.32,95,100,1.99
444,Necochea,AR,2020-02-16 21:47:12,-38.55,-58.74,72.0,78,0,4.0
445,Zhigansk,RU,2020-02-16 21:47:12,66.77,123.37,-10.41,96,100,14.38
446,Flinders,AU,2020-02-16 21:47:12,-34.58,150.86,71.01,100,75,8.05
447,Gashua,NG,2020-02-16 21:47:12,12.87,11.05,71.22,12,98,10.07
448,Cap Malheureux,MU,2020-02-16 21:47:12,-19.98,57.61,77.0,69,20,5.82
449,Miraflores,MX,2020-02-16 21:47:13,19.22,-98.81,84.2,15,40,11.41
450,Rawson,AR,2020-02-16 21:47:13,-43.3,-65.1,63.37,63,100,18.28
451,Samarai,PG,2020-02-16 21:47:13,-10.62,150.67,77.45,86,93,4.47
452,Ambovombe,MG,2020-02-16 21:39:25,-25.17,46.08,73.85,86,0,5.48
453,Loukhi,RU,2020-02-16 21:47:13,66.08,33.04,34.38,98,100,18.07
454,Trelew,AR,2020-02-16 21:47:14,-43.25,-65.31,74.7,17,100,14.65
455,Perrysburg,US,2020-02-16 21:47:14,41.56,-83.63,39.99,85,1,8.05
456,Acurenam,GQ,2020-02-16 21:47:14,1.03,10.65,70.9,97,41,5.53
457,Whitehorse,CA,2020-02-16 21:44:42,60.72,-135.05,-11.0,62,40,8.05
458,Shimoda,JP,2020-02-16 21:44:52,34.67,138.95,57.99,87,75,14.99
459,Yaan,NG,2020-02-16 21:47:15,7.38,8.57,82.04,14,0,1.83
460,Coahuayana,MX,2020-02-16 21:47:15,18.73,-103.68,86.0,48,40,11.41
461,Sao Domingos Do Maranhao,BR,2020-02-16 21:47:15,-5.58,-44.39,76.77,93,100,2.48
462,Zherdevka,RU,2020-02-16 21:47:15,51.85,41.46,30.07,94,100,12.57
463,Mildura,AU,2020-02-16 21:44:30,-34.2,142.15,63.0,77,0,6.93
464,Eureka,US,2020-02-16 21:40:08,40.8,-124.16,55.0,93,90,8.05
465,Joshimath,IN,2020-02-16 21:47:16,30.57,79.57,34.92,29,0,9.78
466,Axim,GH,2020-02-16 21:44:13,4.87,-2.24,79.95,80,77,6.33
467,Roebourne,AU,2020-02-16 21:47:16,-20.78,117.13,82.85,71,0,9.75
468,Meulaboh,ID,2020-02-16 21:40:00,4.14,96.13,80.4,82,11,7.4
469,Guozhen,CN,2020-02-16 21:47:17,34.37,107.36,27.28,21,0,4.21
470,Galle,LK,2020-02-16 21:47:17,6.04,80.22,80.82,75,13,4.79
471,Avanigadda,IN,2020-02-16 21:47:17,16.02,80.92,69.26,79,0,1.28
472,Ravar,IR,2020-02-16 21:47:18,31.27,56.81,45.97,29,80,4.18
473,Nemuro,JP,2020-02-16 21:40:43,43.32,145.57,25.21,93,100,25.77
474,Hokitika,NZ,2020-02-16 21:47:18,-42.72,170.97,64.6,98,100,10.8
475,Placido De Castro,BR,2020-02-16 21:47:18,-10.34,-67.19,90.07,56,98,3.65
476,Wajima,JP,2020-02-16 21:47:19,37.4,136.9,44.29,79,88,35.43
477,Rabak,SD,2020-02-16 21:47:19,13.18,32.74,78.8,22,0,13.06
478,Cherskiy,RU,2020-02-16 21:47:19,68.75,161.3,-27.24,95,100,8.66
479,Waldkraiburg,DE,2020-02-16 21:47:20,48.21,12.4,50.0,66,99,2.24
480,Harper,LR,2020-02-16 21:38:34,4.38,-7.72,79.54,90,6,4.34
481,Inuvik,CA,2020-02-16 21:47:20,68.35,-133.72,-22.0,67,5,4.7
482,Tailai,CN,2020-02-16 21:47:20,46.38,123.4,-3.44,94,0,8.48
483,Bowen,AU,2020-02-16 21:47:21,-20.02,148.23,82.0,94,75,3.36
484,Inirida,CO,2020-02-16 21:47:21,3.87,-67.92,92.14,45,1,4.36
485,Saint-Pierre,RE,2020-02-16 21:45:25,-21.34,55.48,77.0,69,100,8.05
486,Caete,BR,2020-02-16 21:47:21,-19.88,-43.67,73.4,88,75,3.36
487,Urubicha,BO,2020-02-16 21:47:21,-15.38,-62.95,94.01,46,70,3.71
488,Sakakah,SA,2020-02-16 21:47:21,29.97,40.21,55.4,87,20,4.7
489,Nelson Bay,AU,2020-02-16 21:47:22,-32.72,152.15,73.0,94,90,6.93
490,Taos,US,2020-02-16 21:47:22,36.41,-105.57,51.01,34,1,24.16
491,Ramgarh,IN,2020-02-16 21:47:22,23.63,85.52,59.0,67,0,4.65
492,Tulagi,SB,2020-02-16 21:47:22,-9.1,160.15,78.8,88,90,13.87
493,Lahij,YE,2020-02-16 21:43:52,13.17,44.58,70.74,78,0,13.33
494,Horasan,TR,2020-02-16 21:47:23,40.05,42.17,9.88,79,100,1.61
495,Saint-Leu,RE,2020-02-16 21:47:23,-21.15,55.28,77.0,69,100,8.05
496,Kidero,RU,2020-02-16 21:47:23,42.19,45.96,19.2,62,68,5.95
497,Champua,IN,2020-02-16 21:47:23,22.08,85.67,61.97,40,0,1.5
498,Novyy Urengoy,RU,2020-02-16 21:47:24,66.08,76.63,4.51,96,97,8.97
499,Feicheng,CN,2020-02-16 21:47:24,35.26,117.97,25.14,49,0,6.15
500,Bezhetsk,RU,2020-02-16 21:47:25,57.79,36.7,32.77,82,100,14.12
501,Nome,US,2020-02-16 21:47:25,64.5,-165.41,8.6,78,90,16.11
502,Longyearbyen,SJ,2020-02-16 21:47:25,78.22,15.64,10.4,72,20,3.36
503,Barcelos,PT,2020-02-16 21:43:30,41.54,-8.62,57.2,100,90,19.46
504,Douglas,US,2020-02-16 21:47:25,41.3,-96.17,55.99,28,1,9.17
505,Asau,RO,2020-02-16 21:39:53,46.43,26.4,34.0,86,0,14.99
506,Altay,CN,2020-02-16 21:47:26,47.87,88.12,7.59,25,25,5.32
507,Tobermory,CA,2020-02-16 21:47:26,45.25,-81.67,21.99,64,100,1.01
508,Roros,NO,2020-02-16 21:47:26,62.57,11.38,32.0,75,53,9.17
509,Wuda,CN,2020-02-16 21:47:26,39.5,106.71,19.63,33,0,2.86
510,Sant Feliu De Guixols,ES,2020-02-16 21:47:27,41.78,3.03,55.99,93,75,11.41
511,Constitucion,CL,2020-02-16 21:47:27,-35.33,-72.42,64.63,69,18,12.33
512,Pafos,CY,2020-02-16 21:45:56,34.77,32.42,51.8,87,20,8.05
513,Nara,JP,2020-02-16 21:45:26,34.69,135.8,46.99,56,75,6.93
514,Monmouth,US,2020-02-16 21:47:27,40.3,-74.17,50.0,39,1,9.64
515,Greenville,US,2020-02-16 21:45:20,35.61,-77.37,55.4,46,1,3.36
516,Magadan,RU,2020-02-16 21:47:28,59.57,150.8,-3.12,75,0,7.31
517,Linxia,CN,2020-02-16 21:39:58,35.6,103.21,18.84,33,0,0.56
518,Palmer,US,2020-02-16 21:47:28,42.16,-72.33,43.0,41,75,5.97
519,Malakal,SS,2020-02-16 21:47:29,9.53,31.66,83.82,17,0,5.46
520,Huilong,CN,2020-02-16 21:44:55,31.81,121.66,37.99,64,0,12.06
521,Husavik,IS,2020-02-16 21:47:29,66.04,-17.34,33.8,97,90,36.91
522,Quthing,LS,2020-02-16 21:47:29,-30.4,27.7,65.71,40,0,2.06
523,Kaduqli,SD,2020-02-16 21:47:29,11.02,29.72,79.99,19,0,12.59
524,Kailua,US,2020-02-16 21:40:45,21.4,-157.74,77.0,61,75,12.75
525,Dauriya,RU,2020-02-16 21:47:30,49.93,116.87,-0.89,96,0,4.25
526,Obo,CF,2020-02-16 21:47:30,5.4,26.49,80.08,40,37,2.01
527,Kalya,IN,2020-02-16 21:47:30,12.98,77.18,62.6,77,20,3.36
528,Korla,CN,2020-02-16 21:45:27,41.76,86.15,18.7,52,100,0.78
529,Msanga,TZ,2020-02-16 21:47:31,-6.05,36.03,71.6,83,40,3.4
530,Acapulco,MX,2020-02-16 21:43:40,16.86,-99.89,87.8,66,5,6.93
531,Tirumullaivasal,IN,2020-02-16 21:47:31,11.23,79.83,78.69,72,0,12.53
532,Hereford,GB,2020-02-16 21:43:35,52.06,-2.71,43.0,88,20,1.01
533,Monterey,US,2020-02-16 21:47:31,36.25,-121.25,69.01,51,1,12.75
534,Tignere,CM,2020-02-16 21:47:32,7.37,12.65,71.38,19,14,3.31
535,Lingyuan,CN,2020-02-16 21:47:32,41.24,119.4,11.05,62,87,8.08
536,Bima,ID,2020-02-16 21:47:32,-8.47,118.72,72.88,97,100,1.61
537,Shirokiy,RU,2020-02-16 21:47:32,49.76,129.52,-11.15,92,0,5.99
538,Mudgee,AU,2020-02-16 21:47:33,-32.59,149.59,68.0,88,40,5.82
539,Matagami,CA,2020-02-16 21:47:33,49.75,-77.63,3.79,81,100,7.72
540,Boralday,KZ,2020-02-16 21:47:33,43.36,76.86,15.8,92,90,4.47
541,College,US,2020-02-16 21:47:33,64.86,-147.8,-11.99,74,1,1.83
542,Mugumu,TZ,2020-02-16 21:47:33,-1.85,34.7,67.19,79,86,1.81
543,Lagoa,PT,2020-02-16 21:47:34,39.05,-27.98,55.89,63,100,14.36
544,Tomisato,JP,2020-02-16 21:47:34,35.73,140.34,51.8,100,75,4.7
545,Santarem,BR,2020-02-16 21:47:34,-2.44,-54.71,87.8,62,20,5.82
546,San Policarpo,PH,2020-02-16 21:47:34,12.18,125.51,77.65,86,36,11.7
547,Cockburn Town,TC,2020-02-16 21:47:34,21.46,-71.14,80.6,65,40,14.99
548,Marsh Harbour,BS,2020-02-16 21:44:46,26.54,-77.06,73.42,82,80,17.69
549,Maputo,MZ,2020-02-16 21:47:35,-25.97,32.59,80.6,78,40,5.82
550,Sao Geraldo Do Araguaia,BR,2020-02-16 21:47:35,-6.4,-48.55,81.23,80,23,1.63
551,Makakilo City,US,2020-02-16 21:44:19,21.35,-158.09,77.0,69,75,14.99
552,Nurota,UZ,2020-02-16 21:47:36,40.56,65.69,39.2,60,100,6.93
553,Plettenberg Bay,ZA,2020-02-16 21:47:36,-34.05,23.37,68.38,91,100,2.59
554,Gezing,AT,2020-02-16 21:47:37,47.92,13.13,50.0,43,100,9.17
555,Denpasar,ID,2020-02-16 21:45:01,-8.65,115.22,78.8,94,20,2.24
556,Yanam,IN,2020-02-16 21:47:37,16.73,82.22,66.47,85,0,2.04
557,Salinas,US,2020-02-16 21:44:37,36.68,-121.66,64.99,51,1,6.93
558,Ortigueira,BR,2020-02-16 21:47:37,-24.21,-50.95,79.88,74,80,2.3
559,Hasaki,JP,2020-02-16 21:47:38,35.73,140.83,51.8,100,75,4.7
560,Fukue,JP,2020-02-16 21:40:16,32.69,128.84,39.2,86,75,16.11
561,Paralimni,CY,2020-02-16 21:47:38,35.04,33.98,53.01,81,0,8.05
562,Clyde River,CA,2020-02-16 21:47:38,70.47,-68.59,-16.6,75,90,4.7
563,Xiamen,CN,2020-02-16 21:47:38,24.48,118.08,48.2,70,85,4.47
564,Kabare,CD,2020-02-16 21:47:39,-2.47,28.82,59.86,95,4,0.94
565,Mvuma,ZW,2020-02-16 21:47:39,-19.28,30.53,65.16,91,0,7.34
566,Severnoye,RU,2020-02-16 21:39:04,56.35,78.36,20.77,93,100,7.65
567,Itoman,JP,2020-02-16 21:47:39,26.12,127.67,57.2,67,75,24.16
568,Santiago Del Estero,AR,2020-02-16 21:43:40,-27.8,-64.26,97.21,42,45,10.47
