,City,Country,Date,Lat,Lng,Max Temp,Humidity,Cloudiness,Wind Speed,Current Description,Rain inches(Last 3 hours),Snow inches (Last 3 hours)
0,Rantepao,ID,2020-02-22 17:03:48,-2.97,119.9,66.76,96,83,2.48,light rain,0.44,0.0
1,Hilo,US,2020-02-22 17:00:24,19.73,-155.09,68.0,82,90,8.05,moderate rain,0.0,0.0
2,Bajmok,RS,2020-02-22 17:03:48,45.97,19.42,42.08,59,46,7.14,scattered clouds,0.0,0.0
3,Albany,US,2020-02-22 17:00:35,42.6,-73.97,39.99,58,90,12.75,overcast clouds,0.0,0.0
4,Ribeira Grande,PT,2020-02-22 17:03:49,38.52,-28.7,60.8,72,75,8.05,broken clouds,0.0,0.0
5,Margate,GB,2020-02-22 17:03:49,51.38,1.39,54.0,58,20,26.4,few clouds,0.0,0.0
6,Jambi,ID,2020-02-22 17:01:27,-1.6,103.62,73.24,98,75,2.53,light rain,0.44,0.0
7,Obluche,ID,2020-02-22 17:01:27,-1.6,103.62,73.24,98,75,2.53,light rain,0.0,0.0
8,Skjervoy,NO,2020-02-22 17:03:50,70.03,20.97,35.74,63,83,21.25,broken clouds,0.0,0.0
9,Gat,IL,2020-02-22 17:00:02,31.61,34.76,59.0,77,37,3.36,scattered clouds,0.0,0.0
10,Cururupu,BR,2020-02-22 17:03:50,-1.83,-44.87,81.93,85,96,2.24,moderate rain,5.88,0.0
11,Santarem,BR,2020-02-22 17:01:04,-2.44,-54.71,80.6,88,75,11.41,broken clouds,0.0,0.0
12,Kholodnyy,RU,2020-02-22 17:03:51,62.72,147.95,-20.24,97,100,3.22,overcast clouds,0.0,0.0
13,Valparaiso,CL,2020-02-22 17:02:02,-33.04,-71.63,62.6,82,90,6.93,overcast clouds,0.0,0.0
14,Wajid,SO,2020-02-22 17:03:51,3.81,43.25,83.62,27,14,11.63,few clouds,0.0,0.0
15,Conceicao Do Araguaia,BR,2020-02-22 17:03:51,-8.26,-49.26,84.45,74,99,3.49,light rain,2.88,0.0
16,Muros,ES,2020-02-22 17:03:51,42.78,-9.06,69.01,55,0,3.36,clear sky,0.0,0.0
17,Ponta Delgada,PT,2020-02-22 17:00:39,37.73,-25.67,60.8,67,20,9.17,few clouds,0.0,0.0
18,Northam,GB,2020-02-22 17:03:52,51.03,-4.22,51.8,76,20,14.99,few clouds,0.0,0.0
19,Marcona,GB,2020-02-22 17:03:52,51.03,-4.22,51.8,76,20,14.99,few clouds,0.0,0.0
20,Ucluelet,CA,2020-02-22 17:03:52,48.93,-125.55,39.0,100,20,2.24,few clouds,0.0,0.0
21,Santa Maria,BR,2020-02-22 17:03:52,-29.68,-53.81,73.49,31,0,7.85,clear sky,0.0,0.0
22,Kapaa,US,2020-02-22 17:03:53,22.08,-159.32,73.4,78,40,10.29,scattered clouds,0.0,0.0
23,Fairbanks,US,2020-02-22 17:02:57,64.84,-147.72,10.0,84,90,2.3,overcast clouds,0.0,0.0
24,Murray Bridge,AU,2020-02-22 17:03:53,-35.12,139.27,66.99,49,0,8.01,clear sky,0.0,0.0
25,Hualmay,PE,2020-02-22 17:03:53,-11.1,-77.61,82.35,50,94,9.78,overcast clouds,0.0,0.0
26,Bengkulu,ID,2020-02-22 17:03:53,-3.8,102.27,74.3,89,84,3.96,broken clouds,0.0,0.0
27,Awjilah,LY,2020-02-22 17:03:54,29.11,21.29,58.08,49,0,10.42,clear sky,0.0,0.0
28,Kampong Chhnang,KH,2020-02-22 17:03:54,12.17,104.55,77.77,50,44,8.43,scattered clouds,0.0,0.0
29,Mehamn,NO,2020-02-22 17:03:54,71.04,27.85,30.25,80,51,20.96,broken clouds,0.0,0.0
30,West Bay,KY,2020-02-22 17:03:54,19.37,-81.42,80.6,69,75,10.29,broken clouds,0.0,0.0
31,North Bend,US,2020-02-22 17:03:54,43.41,-124.22,45.0,100,40,3.36,scattered clouds,0.0,0.0
32,San Policarpo,PH,2020-02-22 17:03:55,12.18,125.51,77.27,82,16,11.63,light rain,0.19,0.0
33,Udachnyy,RU,2020-02-22 17:03:55,66.42,112.4,-7.6,83,75,4.47,light snow,0.0,0.0
34,Codrington,AU,2020-02-22 17:03:55,-38.27,141.97,60.3,76,0,9.37,clear sky,0.0,0.0
35,Alghero,IT,2020-02-22 17:03:55,40.56,8.32,59.0,67,20,5.82,few clouds,0.0,0.0
36,Barranca,PE,2020-02-22 17:02:45,-10.75,-77.77,73.11,86,81,9.82,broken clouds,0.0,0.0
37,Kudahuvadhoo,MV,2020-02-22 17:03:56,2.67,72.89,80.78,79,98,2.91,overcast clouds,0.0,0.0
38,Santo Amaro Da Imperatriz,BR,2020-02-22 17:03:56,-27.69,-48.78,82.0,36,20,11.41,few clouds,0.0,0.0
39,Chagda,BR,2020-02-22 17:03:56,-27.69,-48.78,82.0,36,20,11.41,few clouds,0.0,0.0
40,Salinopolis,BR,2020-02-22 17:03:56,-0.61,-47.36,79.95,82,99,5.17,light rain,0.37,0.0
41,Bandarbeyla,SO,2020-02-22 17:03:56,9.49,50.81,77.27,77,0,17.72,clear sky,0.0,0.0
42,Itacare,BR,2020-02-22 17:03:57,-14.28,-39.0,87.8,74,20,9.17,few clouds,0.0,0.0
43,Inirida,CO,2020-02-22 17:00:06,3.87,-67.92,101.62,38,85,1.12,overcast clouds,0.0,0.0
44,Kushmurun,KZ,2020-02-22 17:03:57,52.45,64.63,23.97,92,100,5.37,overcast clouds,0.0,0.0
45,Ekhabi,RU,2020-02-22 17:03:57,53.51,142.97,7.66,97,100,2.98,light snow,0.0,0.13
46,Mozhaysk,RU,2020-02-22 17:03:57,55.5,36.03,34.61,77,87,15.23,overcast clouds,0.0,0.0
47,Riyadh,SA,2020-02-22 16:59:48,24.69,46.72,73.4,28,0,6.93,clear sky,0.0,0.0
48,Sabancuy,MX,2020-02-22 17:03:58,18.97,-91.18,83.57,50,25,8.52,scattered clouds,0.0,0.0
49,Muisne,EC,2020-02-22 17:03:58,0.6,-80.03,84.2,83,75,5.82,broken clouds,0.0,0.0
50,Ahipara,NZ,2020-02-22 17:03:58,-35.17,173.17,62.01,100,22,20.6,few clouds,0.0,0.0
51,Kavieng,PG,2020-02-22 17:03:58,-2.57,150.8,83.25,74,22,5.75,few clouds,0.0,0.0
52,Kaitangata,NZ,2020-02-22 17:03:59,-46.28,169.85,51.01,71,59,4.0,broken clouds,0.0,0.0
53,Zhezkazgan,KZ,2020-02-22 17:03:59,47.8,67.71,16.75,93,100,7.85,overcast clouds,0.0,0.0
54,Mahaicony,KZ,2020-02-22 17:03:59,47.8,67.71,16.75,93,100,7.85,overcast clouds,0.0,0.0
55,Kahului,US,2020-02-22 17:01:59,20.89,-156.47,68.0,82,40,3.36,scattered clouds,0.0,0.0
56,Astoria,US,2020-02-22 16:59:44,46.19,-123.83,46.0,93,90,5.82,overcast clouds,0.0,0.0
57,Luorong,CN,2020-02-22 17:04:00,24.41,109.61,61.81,82,14,3.83,few clouds,0.0,0.0
58,Maneromango,TZ,2020-02-22 17:04:00,-7.2,38.78,86.0,74,75,13.87,broken clouds,0.0,0.0
59,Kirksville,US,2020-02-22 17:02:36,40.19,-92.58,44.01,44,1,13.87,clear sky,0.0,0.0
60,Tiruvottiyur,US,2020-02-22 17:02:36,40.19,-92.58,44.01,44,1,13.87,clear sky,0.0,0.0
61,Jamestown,US,2020-02-22 17:04:00,42.1,-79.24,37.99,54,1,16.11,clear sky,0.0,0.0
62,Balabac,PH,2020-02-22 17:04:01,7.99,117.06,79.86,77,17,20.33,few clouds,0.0,0.0
63,Komsomolskiy,UZ,2020-02-22 17:04:01,40.43,71.72,44.6,65,96,4.7,mist,0.0,0.0
64,Tubruq,UZ,2020-02-22 17:04:01,40.43,71.72,44.6,65,96,4.7,mist,0.0,0.0
65,Saint George,US,2020-02-22 17:04:01,37.1,-113.58,55.99,35,40,13.87,scattered clouds,0.0,0.0
66,Novikovo,RU,2020-02-22 17:04:01,51.15,37.89,29.75,98,78,4.72,broken clouds,0.0,0.0
67,Sembe,CG,2020-02-22 17:04:02,1.65,14.58,77.67,61,97,1.97,overcast clouds,0.0,0.0
68,Busselton,AU,2020-02-22 17:04:02,-33.65,115.33,68.0,62,3,9.4,clear sky,0.0,0.0
69,Avera,US,2020-02-22 17:04:02,33.19,-82.53,48.0,36,1,3.29,clear sky,0.0,0.0
70,Sembabule,UG,2020-02-22 17:04:02,-0.08,31.46,73.0,64,83,4.74,broken clouds,0.0,0.0
71,Thompson,CA,2020-02-22 17:04:02,55.74,-97.86,10.4,78,20,3.36,few clouds,0.0,0.0
72,Reconquista,AR,2020-02-22 17:04:03,-29.15,-59.65,80.8,24,7,8.37,clear sky,0.0,0.0
73,Murwara,IN,2020-02-22 17:04:03,23.85,80.4,67.71,54,13,6.22,few clouds,0.0,0.0
74,Kyabe,TD,2020-02-22 17:04:03,9.45,18.94,89.85,14,0,5.17,clear sky,0.0,0.0
75,Igarka,RU,2020-02-22 17:04:03,67.47,86.58,4.48,91,84,8.84,broken clouds,0.0,0.0
76,Asau,RO,2020-02-22 17:04:03,46.43,26.4,36.0,78,40,2.24,scattered clouds,0.0,0.0
77,Karauzyak,RO,2020-02-22 17:04:03,46.43,26.4,36.0,78,40,2.24,scattered clouds,0.0,0.0
78,Roma,US,2020-02-22 17:04:04,43.21,-75.46,37.0,87,90,11.41,overcast clouds,0.0,0.0
79,Dingle,PH,2020-02-22 17:04:04,11.0,122.67,70.88,92,3,12.06,light rain,0.19,0.0
80,Yavas,RU,2020-02-22 17:04:04,54.42,42.85,30.16,87,94,9.86,overcast clouds,0.0,0.0
81,Puerto Escondido,MX,2020-02-22 17:04:04,15.85,-97.07,84.2,70,5,8.05,clear sky,0.0,0.0
82,Ayer Itam,MX,2020-02-22 17:04:04,15.85,-97.07,84.2,70,5,8.05,clear sky,0.0,0.0
83,Vardo,NO,2020-02-22 17:04:05,70.37,31.11,35.4,79,86,33.87,overcast clouds,0.0,0.0
84,Tshikapa,CD,2020-02-22 17:04:05,-6.42,20.8,77.77,83,100,0.38,light rain,0.44,0.0
85,Porto Novo,BJ,2020-02-22 17:01:54,6.5,2.6,89.6,75,20,13.87,few clouds,0.0,0.0
86,Rapar,IN,2020-02-22 17:04:05,23.57,70.63,74.7,31,0,9.55,clear sky,0.0,0.0
87,Chany,RU,2020-02-22 17:04:06,55.31,76.76,25.9,96,100,6.42,light snow,0.0,0.13
88,Qui Nhon,VN,2020-02-22 17:04:05,13.77,109.23,65.52,93,2,4.7,light rain,0.56,0.0
89,Topeka,US,2020-02-22 17:04:05,39.05,-95.68,46.0,52,1,14.99,clear sky,0.0,0.0
90,Sorong,ID,2020-02-22 17:03:43,-0.88,131.25,75.04,96,100,3.8,overcast clouds,0.0,0.0
91,Ocos,GT,2020-02-22 17:04:06,14.51,-92.19,86.0,55,20,12.59,few clouds,0.0,0.0
92,Atar,MR,2020-02-22 17:04:07,20.52,-13.05,93.81,7,74,11.56,broken clouds,0.0,0.0
93,Mutsamudu,MR,2020-02-22 17:04:07,20.52,-13.05,93.81,7,74,11.56,broken clouds,0.0,0.0
94,Loandjili,CG,2020-02-22 17:04:07,-4.76,11.86,86.0,84,75,9.17,broken clouds,0.0,0.0
95,Dunedin,NZ,2020-02-22 17:04:07,-45.87,170.5,53.01,67,50,7.05,scattered clouds,0.0,0.0
96,Mutoko,ZW,2020-02-22 17:04:07,-17.4,32.23,70.79,89,69,3.0,light rain,0.38,0.0
97,Geraldton,AU,2020-02-22 17:04:08,-28.77,114.6,73.4,83,90,4.7,overcast clouds,0.0,0.0
98,Takoradi,GH,2020-02-22 17:04:08,4.88,-1.76,81.86,81,100,7.83,light rain,0.25,0.0
99,Tombouctou,ML,2020-02-22 17:04:08,20.0,-3.0,85.66,8,76,5.86,broken clouds,0.0,0.0
100,Jalu,LY,2020-02-22 17:04:08,29.03,21.55,58.08,49,0,10.42,clear sky,0.0,0.0
101,Bahia Blanca,AR,2020-02-22 17:04:08,-38.72,-62.27,77.67,16,0,4.94,clear sky,0.0,0.0
102,Abu Samrah,SY,2020-02-22 17:04:09,35.3,37.18,50.85,82,33,8.68,light rain,0.31,0.0
103,Sai Buri,TH,2020-02-22 17:04:09,6.7,101.62,72.45,96,59,4.38,light rain,1.38,0.0
104,Praia Da Vitoria,PT,2020-02-22 17:04:09,38.73,-27.07,64.4,63,40,4.29,scattered clouds,0.0,0.0
105,Mataura,NZ,2020-02-22 17:04:09,-46.19,168.86,51.01,77,39,4.0,scattered clouds,0.0,0.0
106,Chitungwiza,ZW,2020-02-22 17:04:09,-18.01,31.08,69.76,85,99,1.16,light rain,1.12,0.0
107,Meulaboh,ID,2020-02-22 17:04:10,4.14,96.13,83.05,72,62,7.4,light rain,1.0,0.0
108,Dakar,SN,2020-02-22 17:03:39,14.69,-17.44,82.4,51,66,16.11,broken clouds,0.0,0.0
109,Alotau,SN,2020-02-22 17:03:39,14.69,-17.44,82.4,51,66,16.11,broken clouds,0.0,0.0
110,Rio Gallegos,AR,2020-02-22 17:04:10,-51.62,-69.22,75.2,36,66,14.99,broken clouds,0.0,0.0
111,Olafsvik,IS,2020-02-22 17:04:10,64.89,-23.71,29.07,70,99,8.55,overcast clouds,0.0,0.0
112,Rocha,UY,2020-02-22 17:04:11,-34.48,-54.33,69.73,46,92,9.89,overcast clouds,0.0,0.0
113,Iralaya,HN,2020-02-22 17:04:11,15.0,-83.23,79.66,77,18,16.75,light rain,1.75,0.0
114,Isangel,VU,2020-02-22 17:04:11,-19.55,169.27,78.15,80,42,14.54,scattered clouds,0.0,0.0
115,Kuching,MY,2020-02-22 17:04:11,1.55,110.33,77.0,100,40,1.12,light rain,0.0,0.0
116,Lavrentiya,RU,2020-02-22 17:04:11,65.58,-171.0,-16.87,99,87,4.41,overcast clouds,0.0,0.0
117,Gamba,GA,2020-02-22 17:04:12,-2.65,10.0,79.86,87,99,6.06,light rain,1.69,0.0
118,Pemangkat,ID,2020-02-22 17:04:12,1.17,108.97,75.15,91,100,7.56,overcast clouds,0.0,0.0
119,Broome,US,2020-02-22 17:04:12,42.25,-75.83,37.99,55,1,8.05,clear sky,0.0,0.0
120,Illoqqortoormiut,US,2020-02-22 17:04:12,42.25,-75.83,37.99,55,1,8.05,clear sky,0.0,0.0
121,Carnarvon,AU,2020-02-22 17:04:12,-24.87,113.63,77.0,83,40,8.05,scattered clouds,0.0,0.0
122,San Patricio,MX,2020-02-22 17:04:12,19.22,-104.7,80.6,78,75,7.52,broken clouds,0.0,0.0
123,Tiksi,RU,2020-02-22 17:04:13,71.69,128.87,-10.79,91,92,9.78,overcast clouds,0.0,0.0
124,Sabang,ID,2020-02-22 17:01:41,5.89,95.32,83.16,74,12,26.6,light rain,0.75,0.0
125,Kabanjahe,ID,2020-02-22 17:04:13,3.1,98.49,77.0,94,40,3.36,mist,0.0,0.0
126,Ginda,IN,2020-02-22 17:04:13,30.69,78.49,44.55,76,11,5.41,few clouds,0.0,0.0
127,New Norfolk,AU,2020-02-22 17:04:13,-42.78,147.06,55.4,76,90,6.93,overcast clouds,0.0,0.0
128,Lorengau,PG,2020-02-22 17:04:14,-2.02,147.27,82.36,74,1,7.67,clear sky,0.0,0.0
129,Agadez,NE,2020-02-22 17:04:14,19.75,10.25,75.15,13,83,12.01,broken clouds,0.0,0.0
130,Maldonado,UY,2020-02-22 17:04:14,-34.67,-54.92,68.0,60,75,12.75,broken clouds,0.0,0.0
131,Storforshei,NO,2020-02-22 17:04:14,66.4,14.52,34.0,92,99,10.0,light snow,0.0,1.0
132,Mount Isa,AU,2020-02-22 17:04:14,-20.73,139.5,84.2,54,90,6.93,overcast clouds,0.0,0.0
133,Beloha,MG,2020-02-22 17:04:15,-25.17,45.05,76.82,84,40,2.3,moderate rain,3.06,0.0
134,Nome,US,2020-02-22 17:04:15,64.5,-165.41,-23.8,74,1,3.58,clear sky,0.0,0.0
135,Tucurui,BR,2020-02-22 17:04:15,-3.77,-49.67,84.07,68,100,4.74,light rain,0.13,0.0
136,Port Keats,AU,2020-02-22 17:04:15,-14.25,129.55,84.56,86,29,12.41,scattered clouds,0.0,0.0
137,Tura,IN,2020-02-22 17:04:15,25.52,90.22,69.8,40,96,4.52,overcast clouds,0.0,0.0
138,Oriximina,BR,2020-02-22 17:04:16,-1.77,-55.87,82.76,78,92,3.89,light rain,0.94,0.0
139,Talaya,RU,2020-02-22 17:04:16,61.38,152.75,-17.52,90,80,0.45,broken clouds,0.0,0.0
140,Edd,ER,2020-02-22 17:04:16,13.93,41.69,78.01,74,3,7.99,clear sky,0.0,0.0
141,Joue-Les-Tours,FR,2020-02-22 17:04:16,47.35,0.67,57.2,67,40,12.75,scattered clouds,0.0,0.0
142,Qaanaaq,GL,2020-02-22 17:04:17,77.48,-69.36,-14.96,64,100,4.36,overcast clouds,0.0,0.0
143,Kasempa,ZM,2020-02-22 17:04:17,-13.46,25.83,69.21,90,100,2.17,light rain,1.94,0.0
144,Isiro,CD,2020-02-22 17:04:17,2.77,27.62,82.9,38,87,3.47,overcast clouds,0.0,0.0
145,Beringovskiy,RU,2020-02-22 17:04:17,63.05,179.32,-11.22,96,15,2.15,few clouds,0.0,0.0
146,Labuhan,ID,2020-02-22 17:04:18,-6.88,112.21,75.31,92,78,2.26,light rain,0.69,0.0
147,Bayburt,TR,2020-02-22 17:04:18,40.26,40.23,27.3,97,100,3.42,snow,0.0,2.25
148,Quelimane,MZ,2020-02-22 17:04:18,-17.88,36.89,86.0,70,20,6.93,few clouds,0.0,0.0
149,Ostrovnoy,RU,2020-02-22 17:04:18,68.05,39.51,33.94,95,90,35.1,light snow,0.0,0.5
150,Trelew,AR,2020-02-22 17:01:40,-43.25,-65.31,86.59,6,0,17.27,clear sky,0.0,0.0
151,Acapulco,MX,2020-02-22 16:59:29,16.86,-99.89,87.8,45,5,5.82,clear sky,0.0,0.0
152,Provideniya,RU,2020-02-22 17:04:19,64.38,-173.3,-19.34,93,48,3.15,scattered clouds,0.0,0.0
153,Touros,BR,2020-02-22 17:04:19,-5.2,-35.46,87.8,70,75,11.41,broken clouds,0.0,0.0
154,Maceio,BR,2020-02-22 17:04:19,-9.67,-35.74,87.8,62,40,10.29,scattered clouds,0.0,0.0
155,Caravelas,BR,2020-02-22 17:04:19,-17.71,-39.25,81.88,84,55,16.02,broken clouds,0.0,0.0
156,Yumen,CN,2020-02-22 17:04:20,40.28,97.2,27.61,42,0,3.62,clear sky,0.0,0.0
157,Pangnirtung,CA,2020-02-22 17:04:20,66.15,-65.71,-32.8,59,20,3.36,few clouds,0.0,0.0
158,Faanui,PF,2020-02-22 17:04:20,-16.48,-151.75,81.46,77,3,10.83,light rain,0.87,0.0
159,Outjo,NA,2020-02-22 17:04:20,-20.12,16.15,68.0,94,63,1.12,broken clouds,0.0,0.0
160,Saskylakh,RU,2020-02-22 17:04:20,71.92,114.08,-16.1,94,73,4.12,broken clouds,0.0,0.0
161,Kempsey,AU,2020-02-22 17:04:21,-31.08,152.83,66.99,97,99,3.0,overcast clouds,0.0,0.0
162,Tirumullaivasal,IN,2020-02-22 17:04:21,11.23,79.83,80.71,76,100,17.09,light rain,0.13,0.0
163,Rikitea,PF,2020-02-22 17:04:21,-23.12,-134.97,77.94,72,10,5.06,light rain,0.44,0.0
164,Korla,CN,2020-02-22 17:04:21,41.76,86.15,39.99,53,0,1.99,clear sky,0.0,0.0
165,Satuk,TR,2020-02-22 17:04:21,41.23,32.38,27.3,98,100,2.91,light snow,0.0,1.0
166,Semnan,IR,2020-02-22 17:04:22,35.57,53.4,52.18,56,0,3.53,clear sky,0.0,0.0
167,Mandan,US,2020-02-22 17:04:22,46.83,-100.89,42.01,69,1,10.29,clear sky,0.0,0.0
168,Tikapur,NP,2020-02-22 17:04:22,28.5,81.13,64.0,73,0,7.0,clear sky,0.0,0.0
169,Kologriv,RU,2020-02-22 17:04:22,58.83,44.32,32.94,85,100,13.87,overcast clouds,0.0,0.0
170,Kazalinsk,RU,2020-02-22 17:04:22,58.83,44.32,32.94,85,100,13.87,overcast clouds,0.0,0.0
171,Gaoua,BF,2020-02-22 17:04:23,10.3,-3.25,97.36,8,19,5.41,few clouds,0.0,0.0
172,Nguiu,BF,2020-02-22 17:04:23,10.3,-3.25,97.36,8,19,5.41,few clouds,0.0,0.0
173,Coihaique,CL,2020-02-22 17:04:23,-45.58,-72.07,69.8,30,0,9.1,clear sky,0.0,0.0
174,Barentsburg,CL,2020-02-22 17:04:23,-45.58,-72.07,69.8,30,0,9.1,clear sky,0.0,0.0
175,Hasaki,JP,2020-02-22 17:04:23,35.73,140.83,51.8,66,75,6.93,broken clouds,0.0,0.0
176,Wladyslawowo,PL,2020-02-22 17:04:24,54.79,18.4,46.99,70,75,26.4,broken clouds,0.0,0.0
177,Flinders,AU,2020-02-22 16:59:29,-34.58,150.86,70.0,100,40,15.23,scattered clouds,0.0,0.0
178,Krasnyy Kut,RU,2020-02-22 17:04:24,50.95,46.97,20.57,92,59,6.58,broken clouds,0.0,0.0
179,Conceicao Das Alagoas,BR,2020-02-22 17:04:24,-19.91,-48.39,71.6,94,75,13.87,light rain,0.0,0.0
180,Chuy,UY,2020-02-22 17:04:24,-33.7,-53.46,69.78,54,85,10.07,light rain,0.19,0.0
181,Crab Hill,UY,2020-02-22 17:04:24,-33.7,-53.46,69.78,54,85,10.07,light rain,0.0,0.0
182,Te Anau,NZ,2020-02-22 17:04:25,-45.42,167.72,47.66,74,32,3.8,scattered clouds,0.0,0.0
183,Cuamba,MZ,2020-02-22 17:04:25,-14.8,36.54,72.43,94,97,2.86,light rain,1.19,0.0
184,Vieques,PR,2020-02-22 17:04:25,18.43,-65.83,89.01,74,40,10.29,scattered clouds,0.0,0.0
185,Kruisfontein,ZA,2020-02-22 17:04:25,-34.0,24.73,65.61,91,44,16.62,light rain,0.81,0.0
186,Pimentel,PE,2020-02-22 17:04:26,-6.84,-79.93,66.2,29,83,5.82,broken clouds,0.0,0.0
187,Lagoa,PT,2020-02-22 17:04:26,39.05,-27.98,60.17,79,8,12.39,clear sky,0.0,0.0
188,Kodiak,US,2020-02-22 17:04:26,57.79,-152.41,15.8,52,90,5.82,overcast clouds,0.0,0.0
189,Lavumisa,SZ,2020-02-22 17:04:26,-27.31,31.89,86.0,70,50,3.36,light rain,1.06,0.0
190,Baykit,RU,2020-02-22 17:04:26,61.67,96.37,12.31,95,76,1.9,broken clouds,0.0,0.0
191,Mys Shmidta,RU,2020-02-22 17:04:26,61.67,96.37,12.31,95,76,1.9,broken clouds,0.0,0.0
192,Makat,KZ,2020-02-22 17:04:27,47.65,53.35,31.1,75,0,8.97,clear sky,0.0,0.0
193,Aurillac,FR,2020-02-22 17:03:55,44.92,2.45,57.2,86,0,5.82,clear sky,0.0,0.0
194,Pasighat,IN,2020-02-22 17:04:27,28.07,95.33,68.2,57,100,2.77,overcast clouds,0.0,0.0
195,Muzhi,RU,2020-02-22 17:04:27,65.37,64.67,22.42,81,59,15.86,broken clouds,0.0,0.0
196,Georgetown,MY,2020-02-22 17:04:27,5.41,100.34,80.6,88,20,4.27,few clouds,0.0,0.0
197,Tazovskiy,RU,2020-02-22 17:04:28,67.47,78.7,9.5,89,94,18.05,overcast clouds,0.0,0.0
198,Yanan,RU,2020-02-22 17:04:28,67.47,78.7,9.5,89,94,18.05,overcast clouds,0.0,0.0
199,Jinxiang,CN,2020-02-22 17:04:28,22.86,115.7,61.3,83,0,3.18,clear sky,0.0,0.0
200,Umzimvubu,CN,2020-02-22 17:04:28,22.86,115.7,61.3,83,0,3.18,clear sky,0.0,0.0
201,Buraydah,SA,2020-02-22 17:03:51,26.33,43.98,75.2,33,0,2.24,clear sky,0.0,0.0
202,Bonthe,SL,2020-02-22 17:04:29,7.53,-12.51,85.42,71,34,12.97,scattered clouds,0.0,0.0
203,Swellendam,ZA,2020-02-22 17:04:29,-34.02,20.44,66.2,82,99,9.17,light rain,0.44,0.0
204,Pasni,PK,2020-02-22 17:01:03,25.26,63.47,70.79,47,20,1.41,few clouds,0.0,0.0
205,Tambul,PK,2020-02-22 17:01:03,25.26,63.47,70.79,47,20,1.41,few clouds,0.0,0.0
206,Mackay,AU,2020-02-22 17:03:46,-21.15,149.2,78.8,88,75,19.46,broken clouds,0.0,0.0
207,Wampusirpi,AU,2020-02-22 17:03:46,-21.15,149.2,78.8,88,75,19.46,broken clouds,0.0,0.0
208,Nishihara,JP,2020-02-22 17:04:30,26.18,127.76,64.4,72,75,18.34,broken clouds,0.0,0.0
209,Nanma,CN,2020-02-22 17:04:30,36.18,118.16,37.99,41,0,4.79,clear sky,0.0,0.0
210,Iqaluit,CA,2020-02-22 17:04:30,63.75,-68.51,-27.0,60,20,14.99,few clouds,0.0,0.0
211,Torbay,CA,2020-02-22 17:04:30,47.67,-52.73,27.0,62,20,13.87,few clouds,0.0,0.0
212,San Andres,CO,2020-02-22 17:04:31,12.58,-81.7,86.0,62,20,11.41,few clouds,0.0,0.0
213,Palmer,US,2020-02-22 17:04:31,42.16,-72.33,44.01,32,20,16.11,few clouds,0.0,0.0
214,Bethune,FR,2020-02-22 17:04:31,50.53,2.63,52.0,93,90,19.46,overcast clouds,0.0,0.0
215,Melbu,NO,2020-02-22 17:04:31,68.5,14.83,35.01,93,100,20.0,light rain,1.13,0.0
216,Hofn,IS,2020-02-22 17:04:31,64.25,-15.21,35.67,57,100,11.39,overcast clouds,0.0,0.0
217,Ulaangom,MN,2020-02-22 17:04:32,49.98,92.07,-2.15,95,100,1.86,overcast clouds,0.0,0.0
218,Gigmoto,PH,2020-02-22 17:02:03,13.78,124.39,78.57,80,1,18.25,light rain,0.56,0.0
219,Lleida,ES,2020-02-22 17:04:32,41.62,0.62,61.0,67,84,3.36,broken clouds,0.0,0.0
220,Barrow,US,2020-02-22 17:04:32,71.29,-156.79,-11.2,76,90,4.7,light snow,0.0,0.0
221,Anloga,GH,2020-02-22 17:04:32,5.79,0.9,89.6,70,20,11.41,few clouds,0.0,0.0
222,Havoysund,NO,2020-02-22 17:04:33,71.0,24.66,35.6,59,95,21.92,overcast clouds,0.0,0.0
223,Chaiya,TH,2020-02-22 17:04:33,9.39,99.2,71.22,94,22,1.81,few clouds,0.0,0.0
224,Maryanovka,TH,2020-02-22 17:04:33,9.39,99.2,71.22,94,22,1.81,few clouds,0.0,0.0
225,Tautira,PF,2020-02-22 17:04:33,-17.73,-149.15,77.0,83,20,2.24,few clouds,0.0,0.0
226,Mount Gambier,AU,2020-02-22 17:04:33,-37.83,140.77,50.0,93,0,6.93,clear sky,0.0,0.0
227,Bambous Virieux,MU,2020-02-22 17:04:34,-20.34,57.76,80.6,78,75,4.7,broken clouds,0.0,0.0
228,Tuatapere,NZ,2020-02-22 17:04:34,-46.13,167.68,51.01,77,81,4.0,broken clouds,0.0,0.0
229,Sorgun,TR,2020-02-22 17:04:34,39.81,35.19,32.74,98,100,5.61,overcast clouds,0.0,0.0
230,Campeche,MX,2020-02-22 17:04:34,19.0,-90.5,86.81,41,12,5.37,few clouds,0.0,0.0
231,Kamenskoye,MX,2020-02-22 17:04:34,19.0,-90.5,86.81,41,12,5.37,few clouds,0.0,0.0
232,Carlsbad,US,2020-02-22 17:03:36,33.16,-117.35,62.01,72,75,3.36,light rain,0.0,0.0
233,Taolanaro,US,2020-02-22 17:03:36,33.16,-117.35,62.01,72,75,3.36,light rain,0.0,0.0
234,Las Guacamayas,MX,2020-02-22 17:00:29,18.02,-102.22,88.52,40,0,6.64,clear sky,0.0,0.0
235,Namatanai,PG,2020-02-22 17:04:35,-3.67,152.43,83.48,75,24,4.14,few clouds,0.0,0.0
236,Srednekolymsk,RU,2020-02-22 17:04:35,67.45,153.68,-26.25,100,97,1.97,overcast clouds,0.0,0.0
237,Pinega,RU,2020-02-22 17:04:36,64.7,43.39,32.41,85,100,16.87,overcast clouds,0.0,0.0
238,Manzhouli,CN,2020-02-22 17:04:36,49.6,117.43,4.06,92,100,3.2,overcast clouds,0.0,0.0
239,Chara,RU,2020-02-22 17:04:36,56.91,118.26,1.65,82,100,0.36,overcast clouds,0.0,0.0
240,Jujuy,RU,2020-02-22 17:04:36,56.91,118.26,1.65,82,100,0.36,overcast clouds,0.0,0.0
241,Susurluk,TR,2020-02-22 17:04:36,39.91,28.16,46.99,75,20,21.92,few clouds,0.0,0.0
242,Camacha,PT,2020-02-22 17:04:37,33.08,-16.33,68.0,82,40,29.97,scattered clouds,0.0,0.0
243,Agva,PT,2020-02-22 17:04:37,33.08,-16.33,68.0,82,40,29.97,scattered clouds,0.0,0.0
244,Halifax,CA,2020-02-22 17:01:43,44.65,-63.57,37.0,73,90,17.22,overcast clouds,0.0,0.0
245,Iranshahr,IR,2020-02-22 17:04:37,27.2,60.68,75.2,29,0,4.7,clear sky,0.0,0.0
246,Manakara,MG,2020-02-22 17:04:37,-22.13,48.02,74.84,92,100,4.45,light rain,1.87,0.0
247,Katangli,RU,2020-02-22 17:04:38,51.71,143.23,10.51,96,100,2.71,light snow,0.0,0.19
248,Ola,RU,2020-02-22 17:04:38,59.58,151.28,-6.39,95,100,2.53,overcast clouds,0.0,0.0
249,Port Lincoln,AU,2020-02-22 17:04:38,-34.73,135.87,64.4,78,3,9.08,clear sky,0.0,0.0
250,Khor,RU,2020-02-22 17:04:38,47.89,134.95,12.27,90,100,4.41,overcast clouds,0.0,0.0
251,Hanumangarh,IN,2020-02-22 17:04:39,29.58,74.32,63.05,58,14,7.14,few clouds,0.0,0.0
252,Paracuru,BR,2020-02-22 17:04:39,-3.41,-39.03,78.8,78,40,6.93,scattered clouds,0.0,0.0
253,Chokurdakh,RU,2020-02-22 17:04:39,70.63,147.92,-16.51,97,100,1.14,overcast clouds,0.0,0.0
254,Taunggyi,MM,2020-02-22 17:04:39,20.78,97.03,60.35,52,25,1.86,scattered clouds,0.0,0.0
255,Iguatemi,BR,2020-02-22 17:04:39,-23.68,-54.56,78.89,46,72,7.9,broken clouds,0.0,0.0
256,Marzuq,YE,2020-02-22 17:04:40,14.4,46.47,65.37,72,0,5.14,clear sky,0.0,0.0
257,Vila Franca Do Campo,PT,2020-02-22 17:04:40,37.72,-25.43,60.8,67,20,9.17,few clouds,0.0,0.0
258,Pirapemas,BR,2020-02-22 17:04:40,-3.73,-44.22,81.5,91,94,3.33,moderate rain,7.31,0.0
259,Pastavy,BY,2020-02-22 17:04:40,55.12,26.83,36.59,90,100,26.78,light rain,2.88,0.0
260,Mbigou,GA,2020-02-22 17:04:40,-1.9,11.91,71.47,94,100,3.4,light rain,2.06,0.0
261,Camabatela,AO,2020-02-22 17:04:41,-8.19,15.38,68.9,89,90,3.62,light rain,1.69,0.0
262,Hermanus,ZA,2020-02-22 17:00:07,-34.42,19.23,69.01,99,100,1.99,light rain,0.12,0.0
263,Klaksvik,FO,2020-02-22 17:04:41,62.23,-6.59,37.4,74,83,12.75,broken clouds,0.0,0.0
264,Sechura,PE,2020-02-22 17:04:41,-5.56,-80.82,74.86,83,22,14.52,few clouds,0.0,0.0
265,Vilhena,BR,2020-02-22 17:01:18,-12.74,-60.15,69.66,84,100,6.15,light rain,0.38,0.0
266,Sitka,US,2020-02-22 17:04:42,57.05,-135.33,33.8,86,75,6.93,broken clouds,0.0,0.0
267,Lucapa,AO,2020-02-22 17:04:06,-8.42,20.74,72.91,87,98,0.76,light rain,1.44,0.0
268,Hay River,CA,2020-02-22 17:04:42,60.82,-115.8,-2.2,77,75,2.24,broken clouds,0.0,0.0
269,Saint-Pierre,RE,2020-02-22 17:04:42,-21.34,55.48,78.8,73,47,5.82,scattered clouds,0.0,0.0
270,Denpasar,ID,2020-02-22 17:02:30,-8.65,115.22,75.13,87,61,4.45,broken clouds,0.0,0.0
271,Penzance,GB,2020-02-22 17:04:43,50.12,-5.54,53.01,93,20,12.75,few clouds,0.0,0.0
272,Zhanaozen,KZ,2020-02-22 17:04:43,43.3,52.8,41.31,65,95,8.25,overcast clouds,0.0,0.0
273,Milkovo,RU,2020-02-22 17:04:43,54.72,158.62,-5.35,79,0,3.33,clear sky,0.0,0.0
274,Swan Hill,AU,2020-02-22 17:04:43,-35.34,143.55,63.55,49,0,7.31,clear sky,0.0,0.0
275,Bluff,NZ,2020-02-22 17:04:43,-46.6,168.33,51.01,77,67,4.0,broken clouds,0.0,0.0
276,Haapiti,PF,2020-02-22 17:04:44,-17.57,-149.87,77.0,83,20,2.24,few clouds,0.0,0.0
277,Vilyuysk,RU,2020-02-22 17:04:44,63.76,121.62,-11.04,96,100,3.65,overcast clouds,0.0,0.0
278,Qasigiannguit,GL,2020-02-22 17:04:44,68.82,-51.19,-0.4,59,75,9.17,broken clouds,0.0,0.0
279,Amurzet,RU,2020-02-22 17:04:44,47.7,131.1,5.22,76,0,10.22,clear sky,0.0,0.0
280,Moron,AR,2020-02-22 17:01:07,-34.65,-58.62,75.99,49,0,5.82,clear sky,0.0,0.0
281,Fukue,JP,2020-02-22 17:04:45,32.69,128.84,48.2,57,90,13.87,overcast clouds,0.0,0.0
282,Waspan,NI,2020-02-22 17:04:45,14.74,-83.97,78.42,81,65,5.06,light rain,1.19,0.0
283,Baruun-Urt,MN,2020-02-22 17:01:04,46.68,113.28,17.2,69,100,14.5,overcast clouds,0.0,0.0
284,Mahadday Weyne,MN,2020-02-22 17:01:04,46.68,113.28,17.2,69,100,14.5,overcast clouds,0.0,0.0
285,Taltal,CL,2020-02-22 17:04:45,-25.4,-70.48,70.47,62,0,10.22,clear sky,0.0,0.0
286,Coquimbo,CL,2020-02-22 17:04:46,-29.95,-71.34,64.4,77,75,10.29,broken clouds,0.0,0.0
287,Najran,SA,2020-02-22 17:04:46,17.49,44.13,80.6,36,17,4.7,few clouds,0.0,0.0
288,Marsa Matruh,EG,2020-02-22 17:04:46,31.35,27.25,57.65,65,83,6.17,light rain,0.25,0.0
289,Lompoc,US,2020-02-22 17:04:46,34.64,-120.46,57.99,76,90,2.39,overcast clouds,0.0,0.0
290,Cape Town,ZA,2020-02-22 17:04:46,-33.93,18.42,70.0,82,20,18.34,few clouds,0.0,0.0
291,Cabo San Lucas,MX,2020-02-22 17:04:47,22.89,-109.91,82.0,56,40,4.59,scattered clouds,0.0,0.0
292,Palana,RU,2020-02-22 17:04:47,59.12,159.97,2.62,94,100,7.94,light snow,0.0,0.19
293,Okhotsk,RU,2020-02-22 17:04:47,59.38,143.3,-12.41,97,91,2.59,overcast clouds,0.0,0.0
294,Buala,SB,2020-02-22 17:04:47,-8.14,159.59,78.84,84,20,4.16,light rain,2.88,0.0
295,Souillac,MU,2020-02-22 17:01:03,-20.52,57.52,80.6,78,75,4.7,broken clouds,0.0,0.0
296,Sorvag,MU,2020-02-22 17:01:03,-20.52,57.52,80.6,78,75,4.7,broken clouds,0.0,0.0
297,Axim,GH,2020-02-22 17:00:34,4.87,-2.24,81.86,81,100,7.83,light rain,0.25,0.0
298,Havelock,US,2020-02-22 17:04:48,34.88,-76.9,48.0,41,1,5.82,clear sky,0.0,0.0
299,Nyurba,RU,2020-02-22 17:04:48,63.28,118.33,-8.57,95,100,0.69,overcast clouds,0.0,0.0
300,Umea,SE,2020-02-22 17:04:48,63.83,20.26,35.6,100,90,3.36,moderate rain,0.0,0.0
301,Longyearbyen,SJ,2020-02-22 17:04:48,78.22,15.64,3.2,59,20,14.99,few clouds,0.0,0.0
302,Clyde River,CA,2020-02-22 17:03:05,70.47,-68.59,-23.8,74,1,5.82,clear sky,0.0,0.0
303,Sinjar,IQ,2020-02-22 17:04:49,36.32,41.88,48.87,84,34,6.91,scattered clouds,0.0,0.0
304,Tiznit,MA,2020-02-22 17:04:49,29.58,-9.5,69.91,15,0,18.92,clear sky,0.0,0.0
305,Kapoeta,SS,2020-02-22 17:04:49,4.77,33.59,92.61,30,44,5.99,scattered clouds,0.0,0.0
306,Kisesa,TZ,2020-02-22 17:04:49,-3.08,34.15,69.57,87,98,5.77,moderate rain,3.19,0.0
307,Olinda,BR,2020-02-22 17:04:50,-8.01,-34.86,86.0,70,40,9.17,scattered clouds,0.0,0.0
308,Samalaeulu,BR,2020-02-22 17:04:50,-8.01,-34.86,86.0,70,40,9.17,scattered clouds,0.0,0.0
309,Progreso,MX,2020-02-22 17:04:50,21.28,-89.67,75.2,60,90,17.22,overcast clouds,0.0,0.0
310,Paraiso,CR,2020-02-22 17:00:13,9.84,-83.87,78.8,50,85,23.04,overcast clouds,0.0,0.0
311,Sao Joao Da Barra,BR,2020-02-22 17:04:50,-21.64,-41.05,84.2,62,75,11.41,broken clouds,0.0,0.0
312,Mahebourg,MU,2020-02-22 17:04:51,-20.41,57.7,80.6,78,75,4.7,broken clouds,0.0,0.0
313,Belushya Guba,MU,2020-02-22 17:04:51,-20.41,57.7,80.6,78,75,4.7,broken clouds,0.0,0.0
314,Naze,JP,2020-02-22 17:04:51,28.37,129.48,60.8,63,75,14.99,broken clouds,0.0,0.0
315,Noumea,NC,2020-02-22 17:04:51,-22.28,166.46,80.01,73,75,2.24,broken clouds,0.0,0.0
316,Kuah,MY,2020-02-22 17:00:09,6.33,99.84,82.4,74,20,5.82,few clouds,0.0,0.0
317,Sao Felix Do Xingu,BR,2020-02-22 17:04:52,-6.64,-51.99,80.47,93,100,1.34,light rain,2.75,0.0
318,Muzaffarabad,PK,2020-02-22 17:04:52,34.37,73.47,39.07,56,19,8.39,few clouds,0.0,0.0
319,Husavik,IS,2020-02-22 17:04:52,66.04,-17.34,24.78,79,100,3.71,light snow,0.0,0.25
320,Cidreira,BR,2020-02-22 17:04:52,-30.18,-50.21,68.95,72,19,19.46,light rain,0.38,0.0
321,San Isidro,PE,2020-02-22 17:04:52,-12.12,-77.05,80.6,69,96,6.93,overcast clouds,0.0,0.0
322,Tetouan,MA,2020-02-22 17:04:53,35.57,-5.37,64.4,59,40,26.4,scattered clouds,0.0,0.0
323,La Ronge,CA,2020-02-22 17:04:53,55.1,-105.28,30.2,58,75,6.93,broken clouds,0.0,0.0
324,Tres Arroyos,AR,2020-02-22 17:04:53,-38.37,-60.28,80.82,23,0,1.34,clear sky,0.0,0.0
325,Colac,AU,2020-02-22 17:04:53,-38.33,143.58,55.99,98,0,1.97,clear sky,0.0,0.0
326,Bubaque,GW,2020-02-22 17:04:54,11.28,-15.83,78.76,70,32,18.59,scattered clouds,0.0,0.0
327,Bredasdorp,ZA,2020-02-22 17:04:54,-34.53,20.04,66.2,82,100,9.17,light rain,0.31,0.0
328,Ulladulla,AU,2020-02-22 17:04:54,-35.35,150.47,63.0,100,40,13.67,scattered clouds,0.0,0.0
329,Falealupo,AU,2020-02-22 17:04:54,-35.35,150.47,63.0,100,40,13.67,scattered clouds,0.0,0.0
330,Lishan,CN,2020-02-22 17:04:54,31.86,113.3,49.03,72,0,2.48,clear sky,0.0,0.0
331,Bereda,ES,2020-02-22 17:04:55,43.27,-7.54,57.0,76,0,10.29,clear sky,0.0,0.0
332,Tabory,RU,2020-02-22 17:00:21,58.52,64.55,26.11,94,97,5.17,overcast clouds,0.0,0.0
333,Eregli,TR,2020-02-22 17:04:55,37.51,34.05,38.01,81,99,2.19,overcast clouds,0.0,0.0
334,Pacific Grove,US,2020-02-22 17:04:55,36.62,-121.92,57.99,82,1,5.82,clear sky,0.0,0.0
335,Ilulissat,GL,2020-02-22 17:04:55,69.22,-51.1,-0.4,59,75,9.17,broken clouds,0.0,0.0
336,Santiago,CL,2020-02-22 17:04:56,-33.46,-70.65,82.99,47,0,6.93,clear sky,0.0,0.0
337,Karasburg,NA,2020-02-22 17:04:56,-28.02,18.75,85.48,16,0,11.14,clear sky,0.0,0.0
338,Hami,CN,2020-02-22 17:04:56,42.8,93.45,30.24,54,51,2.01,broken clouds,0.0,0.0
339,Shimoda,JP,2020-02-22 17:04:56,34.67,138.95,44.01,38,0,3.0,clear sky,0.0,0.0
340,College,US,2020-02-22 17:01:08,64.86,-147.8,10.4,84,90,2.59,overcast clouds,0.0,0.0
341,Candolim,IN,2020-02-22 17:04:57,15.52,73.76,70.25,53,0,2.59,clear sky,0.0,0.0
342,Avarua,CK,2020-02-22 17:04:57,-21.21,-159.78,80.6,94,93,6.93,light rain,0.94,0.0
343,Veraval,IN,2020-02-22 17:04:57,20.9,70.37,69.08,57,0,4.76,clear sky,0.0,0.0
344,Cayenne,GF,2020-02-22 17:00:04,4.93,-52.33,87.8,66,75,11.41,broken clouds,0.0,0.0
345,Copiapo,CL,2020-02-22 17:04:57,-27.37,-70.33,73.4,53,20,11.41,few clouds,0.0,0.0
346,Sangar,RU,2020-02-22 17:04:58,63.92,127.47,-12.41,91,100,1.63,overcast clouds,0.0,0.0
347,Yebaishou,CN,2020-02-22 17:04:58,41.4,119.64,20.14,52,0,4.94,clear sky,0.0,0.0
348,Fairmont,US,2020-02-22 17:04:58,39.49,-80.14,41.0,32,1,8.05,clear sky,0.0,0.0
349,Mahalapye,BW,2020-02-22 17:02:30,-23.1,26.81,84.42,43,63,7.94,broken clouds,0.0,0.0
350,Jumla,NP,2020-02-22 17:04:58,29.27,82.18,32.99,74,93,3.91,overcast clouds,0.0,0.0
351,Savannah Bight,HN,2020-02-22 17:04:59,16.45,-85.85,78.87,77,39,13.18,light rain,2.62,0.0
352,Cherskiy,RU,2020-02-22 17:04:59,68.75,161.3,-19.89,98,99,4.72,overcast clouds,0.0,0.0
353,Sobolevo,RU,2020-02-22 17:04:59,54.43,31.9,35.08,81,100,20.58,overcast clouds,0.0,0.0
354,Freeport,US,2020-02-22 17:04:59,40.66,-73.58,46.0,24,1,18.92,clear sky,0.0,0.0
355,Murfreesboro,US,2020-02-22 17:04:59,35.85,-86.39,48.0,35,1,6.93,clear sky,0.0,0.0
356,Sanary-Sur-Mer,FR,2020-02-22 17:05:00,43.12,5.8,60.01,76,1,8.05,clear sky,0.0,0.0
357,Oranjestad,AW,2020-02-22 17:05:00,12.52,-70.03,78.8,83,40,11.41,scattered clouds,0.0,0.0
358,Ushuaia,AR,2020-02-22 17:05:00,-54.8,-68.3,64.4,59,20,6.46,few clouds,0.0,0.0
359,Saint Anthony,US,2020-02-22 17:05:00,45.02,-93.22,39.99,96,1,9.17,clear sky,0.0,0.0
360,Brits,ZA,2020-02-22 17:03:39,-25.63,27.78,68.0,88,20,4.7,light intensity shower rain,0.0,0.0
361,Waitati,NZ,2020-02-22 17:05:01,-45.75,170.57,53.01,61,50,1.99,scattered clouds,0.0,0.0
362,Uren,RU,2020-02-22 17:05:01,57.46,45.79,31.95,82,100,11.83,overcast clouds,0.0,0.0
363,Zhangye,CN,2020-02-22 17:05:01,38.93,100.45,35.71,31,0,7.76,clear sky,0.0,0.0
364,Kloulklubed,PW,2020-02-22 17:05:01,7.04,134.26,78.8,88,90,9.17,overcast clouds,0.0,0.0
365,Kahama,TZ,2020-02-22 17:05:02,-3.83,32.6,69.4,86,92,1.45,light rain,0.12,0.0
366,Adrar,MR,2020-02-22 17:02:06,20.5,-10.07,89.51,8,96,6.87,overcast clouds,0.0,0.0
367,Foki,RU,2020-02-22 17:05:02,56.69,54.35,31.66,95,100,7.0,light snow,0.0,0.13
368,Canon City,US,2020-02-22 17:01:58,38.44,-105.24,51.01,43,1,5.82,clear sky,0.0,0.0
369,Grindavik,IS,2020-02-22 17:05:02,63.84,-22.43,33.8,70,75,4.7,broken clouds,0.0,0.0
370,Samarkand,UZ,2020-02-22 17:05:03,39.65,66.96,42.8,93,2,11.41,mist,0.0,0.0
371,Kiunga,PG,2020-02-22 17:05:03,-6.12,141.29,74.48,99,100,1.97,light rain,0.87,0.0
372,Nogliki,RU,2020-02-22 17:05:03,51.83,143.17,9.54,95,93,2.57,overcast clouds,0.0,0.0
373,Viedma,AR,2020-02-22 17:05:03,-40.81,-63.0,81.37,14,0,10.98,clear sky,0.0,0.0
374,Vaitupu,AR,2020-02-22 17:05:03,-40.81,-63.0,81.37,14,0,10.98,clear sky,0.0,0.0
375,Abapo,BO,2020-02-22 17:05:04,-18.83,-63.47,77.97,33,91,6.58,overcast clouds,0.0,0.0
376,Griffith,US,2020-02-22 17:00:47,41.53,-87.42,43.0,44,1,11.41,clear sky,0.0,0.0
377,Muqui,BR,2020-02-22 17:05:04,-20.96,-41.35,75.69,88,90,6.8,moderate rain,4.44,0.0
378,Mukhen,RU,2020-02-22 17:05:04,48.1,136.1,9.46,94,100,3.67,light snow,0.0,0.56
379,Warri,NG,2020-02-22 17:05:05,5.52,5.75,86.81,65,14,9.6,few clouds,0.0,0.0
380,Gravdal,NO,2020-02-22 17:05:05,68.12,13.5,41.56,77,100,20.4,light rain,1.0,0.0
381,Alice Springs,AU,2020-02-22 17:00:10,-23.7,133.88,71.6,21,0,1.12,clear sky,0.0,0.0
382,Karaul,AU,2020-02-22 17:00:10,-23.7,133.88,71.6,21,0,1.12,clear sky,0.0,0.0
383,Airai,TL,2020-02-22 17:05:05,-8.93,125.41,66.97,88,53,3.56,broken clouds,0.0,0.0
384,Jinchang,CN,2020-02-22 17:05:06,38.5,102.17,33.3,24,0,3.71,clear sky,0.0,0.0
385,Pisco,PE,2020-02-22 17:05:06,-13.7,-76.22,78.01,30,75,8.05,broken clouds,0.0,0.0
386,Yulara,AU,2020-02-22 17:05:06,-25.24,130.99,78.8,15,0,9.17,clear sky,0.0,0.0
387,Narsaq,GL,2020-02-22 17:05:06,60.92,-46.05,19.4,34,75,9.17,broken clouds,0.0,0.0
388,Tucuman,AR,2020-02-22 17:01:05,-26.82,-65.22,69.8,56,63,5.82,broken clouds,0.0,0.0
389,Chifeng,CN,2020-02-22 17:05:07,42.27,118.96,14.88,69,7,7.78,clear sky,0.0,0.0
390,San Cristobal,VE,2020-02-22 17:05:07,7.77,-72.22,78.8,74,75,2.24,broken clouds,0.0,0.0
391,Attawapiskat,VE,2020-02-22 17:05:07,7.77,-72.22,78.8,74,75,2.24,broken clouds,0.0,0.0
392,Half Moon Bay,US,2020-02-22 17:05:07,37.46,-122.43,60.01,81,40,13.87,scattered clouds,0.0,0.0
393,Lodja,CD,2020-02-22 17:05:07,-3.48,23.43,80.2,69,99,0.78,overcast clouds,0.0,0.0
394,Rolla,US,2020-02-22 17:00:23,37.95,-91.77,46.0,38,1,12.75,clear sky,0.0,0.0
395,Manisa,TR,2020-02-22 17:05:08,38.83,28.17,35.26,81,99,13.94,overcast clouds,0.0,0.0
396,Kenai,US,2020-02-22 17:05:08,60.55,-151.26,15.01,85,90,3.36,overcast clouds,0.0,0.0
397,Krasnaya Gorka,RU,2020-02-22 17:05:08,55.2,56.67,26.82,97,99,6.58,light snow,0.0,0.56
398,Samusu,RU,2020-02-22 17:05:08,55.2,56.67,26.82,97,99,6.58,light snow,0.0,0.0
399,Boissevain,CA,2020-02-22 17:05:09,49.23,-100.06,33.8,64,1,5.82,clear sky,0.0,0.0
400,Druzhba,UA,2020-02-22 17:05:09,52.04,33.95,32.18,85,28,11.43,scattered clouds,0.0,0.0
401,Teberda,RU,2020-02-22 17:05:09,43.45,41.74,22.37,90,45,10.13,scattered clouds,0.0,0.0
402,Mananjary,MG,2020-02-22 17:05:09,-21.22,48.33,78.89,82,100,7.99,light rain,1.56,0.0
403,Tulun,RU,2020-02-22 17:05:10,54.56,100.58,13.5,94,100,5.75,overcast clouds,0.0,0.0
404,Bilma,NE,2020-02-22 17:05:10,18.69,12.92,75.04,12,73,11.54,broken clouds,0.0,0.0
405,Karratha,AU,2020-02-22 17:05:10,-20.74,116.85,80.98,78,0,15.66,clear sky,0.0,0.0
406,Dikson,RU,2020-02-22 17:05:10,73.51,80.55,14.67,93,100,25.32,light snow,0.0,1.06
407,Frantiskovy Lazne,CZ,2020-02-22 17:05:10,50.12,12.35,48.99,39,100,11.41,light rain,0.13,0.0
408,Camana,PE,2020-02-22 17:05:11,-16.62,-72.71,74.57,67,71,12.19,broken clouds,0.0,0.0
409,Port Macquarie,AU,2020-02-22 17:05:08,-31.43,152.92,68.0,100,90,4.7,overcast clouds,0.0,0.0
410,Badou,TG,2020-02-22 17:05:11,7.58,0.6,86.94,29,0,3.33,clear sky,0.0,0.0
411,Yellowknife,CA,2020-02-22 17:05:11,62.46,-114.35,0.0,77,75,8.05,broken clouds,0.0,0.0
412,Vao,NC,2020-02-22 17:05:11,-22.67,167.48,78.62,73,1,12.88,clear sky,0.0,0.0
413,Umm Bab,QA,2020-02-22 17:05:12,25.21,50.81,70.0,64,1,6.93,clear sky,0.0,0.0
414,Vostok,RU,2020-02-22 17:05:12,46.49,135.88,9.01,96,100,6.08,light snow,0.0,0.94
415,Borogontsy,RU,2020-02-22 17:05:12,62.67,131.17,-5.31,98,96,3.47,overcast clouds,0.0,0.0
416,Sandane,NO,2020-02-22 17:05:12,61.77,6.21,39.99,97,75,9.17,shower rain,0.0,0.0
417,Vaini,TO,2020-02-22 17:05:13,-21.2,-175.2,77.0,94,75,11.41,broken clouds,0.0,0.0
418,Tuktoyaktuk,CA,2020-02-22 17:05:13,69.45,-133.04,6.8,84,90,4.7,light snow,0.0,0.0
419,Ancud,CL,2020-02-22 17:05:13,-41.87,-73.82,78.8,29,0,5.82,clear sky,0.0,0.0
420,Hithadhoo,MV,2020-02-22 17:05:13,-0.6,73.08,82.02,80,100,12.08,light rain,0.13,0.0
421,San Luis,AR,2020-02-22 17:05:13,-33.3,-66.34,79.92,25,80,13.24,broken clouds,0.0,0.0
422,Bethel,US,2020-02-22 17:00:56,41.37,-73.41,45.0,29,5,16.11,clear sky,0.0,0.0
423,Alzamay,RU,2020-02-22 17:05:14,55.56,98.66,15.22,96,85,3.76,overcast clouds,0.0,0.0
424,Jiangyou,CN,2020-02-22 17:05:14,31.77,104.72,40.08,88,69,0.72,broken clouds,0.0,0.0
425,Maimon,CN,2020-02-22 17:05:14,31.77,104.72,40.08,88,69,0.72,broken clouds,0.0,0.0
426,Powell River,CA,2020-02-22 17:00:14,49.85,-124.54,43.0,93,75,2.24,broken clouds,0.0,0.0
427,Portobelo,PA,2020-02-22 17:05:14,9.55,-79.65,91.4,46,40,10.29,scattered clouds,0.0,0.0
428,Prince Rupert,CA,2020-02-22 17:05:15,54.32,-130.32,35.6,93,90,9.17,light rain,0.0,0.0
429,Port Hedland,AU,2020-02-22 17:05:15,-20.32,118.57,80.6,83,30,6.93,scattered clouds,0.0,0.0
430,Vestmannaeyjar,IS,2020-02-22 17:05:15,63.44,-20.27,35.6,59,20,9.17,few clouds,0.0,0.0
431,Ituporanga,BR,2020-02-22 17:05:15,-27.41,-49.6,84.0,59,0,11.99,clear sky,0.0,0.0
432,Okrika,NG,2020-02-22 17:05:16,4.74,7.08,96.8,41,75,4.7,broken clouds,0.0,0.0
433,Sorland,NO,2020-02-22 17:05:16,67.67,12.69,41.56,77,100,18.32,light rain,1.44,0.0
434,Ponta Do Sol,PT,2020-02-22 17:05:16,32.67,-17.1,68.0,72,40,17.22,scattered clouds,0.0,0.0
435,Ebano,PT,2020-02-22 17:05:16,32.67,-17.1,68.0,72,40,17.22,scattered clouds,0.0,0.0
436,Bartica,GY,2020-02-22 17:05:16,6.4,-58.62,87.8,55,75,6.93,broken clouds,0.0,0.0
437,Yeppoon,AU,2020-02-22 17:05:17,-23.13,150.73,78.8,69,75,10.29,light intensity shower rain,0.0,0.0
438,Luderitz,NA,2020-02-22 17:05:17,-26.65,15.16,73.4,60,0,27.51,clear sky,0.0,0.0
439,Hambantota,LK,2020-02-22 17:05:17,6.12,81.12,77.0,100,81,10.29,broken clouds,0.0,0.0
440,Port Elizabeth,ZA,2020-02-22 17:05:17,-33.92,25.57,71.6,73,20,28.86,few clouds,0.0,0.0
441,Alofi,NU,2020-02-22 17:05:17,-19.06,-169.92,78.8,88,75,8.05,broken clouds,0.0,0.0
442,Luganville,VU,2020-02-22 17:01:06,-15.53,167.17,71.15,95,36,0.6,scattered clouds,0.0,0.0
443,Robore,BO,2020-02-22 17:05:18,-18.33,-59.75,69.8,77,90,5.61,overcast clouds,0.0,0.0
444,Pacifica,US,2020-02-22 17:02:29,37.61,-122.49,60.01,81,40,13.87,scattered clouds,0.0,0.0
445,Cap Malheureux,MU,2020-02-22 17:05:18,-19.98,57.61,80.6,78,75,4.7,broken clouds,0.0,0.0
446,Norman Wells,CA,2020-02-22 17:05:18,65.28,-126.83,5.0,77,75,3.36,light snow,0.0,0.0
447,Darnah,LY,2020-02-22 17:05:19,32.77,22.64,56.95,69,39,20.47,light rain,0.56,0.0
448,Esperance,AU,2020-02-22 17:05:19,-33.87,121.9,68.0,72,75,9.17,broken clouds,0.0,0.0
449,Lazaro Cardenas,MX,2020-02-22 17:05:19,17.96,-102.2,88.52,40,0,6.64,clear sky,0.0,0.0
450,Grinnell,US,2020-02-22 17:05:19,41.74,-92.72,44.6,64,1,12.75,clear sky,0.0,0.0
451,Upernavik,GL,2020-02-22 17:05:19,72.79,-56.15,-17.97,97,22,0.36,few clouds,0.0,0.0
452,Sundsvall,SE,2020-02-22 17:05:20,62.39,17.31,37.99,86,100,18.34,light snow,0.0,1.06
453,Kano,NG,2020-02-22 17:05:20,12.0,8.52,91.4,12,0,11.41,haze,0.0,0.0
454,Lasa,IT,2020-02-22 17:05:20,46.62,10.7,59.0,41,54,3.36,broken clouds,0.0,0.0
455,Samarai,PG,2020-02-22 17:05:20,-10.62,150.67,77.65,89,91,3.6,overcast clouds,0.0,0.0
456,Amderma,PG,2020-02-22 17:05:20,-10.62,150.67,77.65,89,91,3.6,overcast clouds,0.0,0.0
457,Morondava,MG,2020-02-22 17:05:21,-20.28,44.28,75.18,95,90,4.61,light rain,0.19,0.0
458,Menongue,AO,2020-02-22 17:05:21,-14.66,17.69,68.22,93,100,1.92,light rain,1.25,0.0
459,Road Town,VG,2020-02-22 17:05:21,18.42,-64.62,84.0,65,20,8.05,few clouds,0.0,0.0
460,Tuggurt,VG,2020-02-22 17:05:21,18.42,-64.62,84.0,65,20,8.05,few clouds,0.0,0.0
461,Havre-Saint-Pierre,CA,2020-02-22 17:05:22,50.23,-63.6,26.6,79,75,18.34,broken clouds,0.0,0.0
462,Haapsalu,EE,2020-02-22 17:05:22,58.94,23.54,41.0,93,90,19.46,sleet,0.0,0.0
463,Akhmeta,GE,2020-02-22 17:05:22,42.03,45.21,46.4,75,90,6.93,overcast clouds,0.0,0.0
464,Moose Factory,CA,2020-02-22 17:05:22,51.26,-80.61,33.8,55,20,14.99,few clouds,0.0,0.0
465,Ust-Shonosha,RU,2020-02-22 17:05:22,61.15,41.34,33.71,81,100,18.45,overcast clouds,0.0,0.0
466,Talcahuano,CL,2020-02-22 17:05:23,-36.72,-73.12,62.6,72,75,9.17,broken clouds,0.0,0.0
467,Erenhot,CN,2020-02-22 17:05:23,43.65,111.98,19.99,68,14,17.65,few clouds,0.0,0.0
468,Ochamchira,GE,2020-02-22 17:05:23,42.71,41.47,48.52,91,93,6.08,overcast clouds,0.0,0.0
469,Ozuluama,MX,2020-02-22 17:05:23,21.67,-97.85,62.6,59,90,4.7,overcast clouds,0.0,0.0
470,Nouadhibou,MR,2020-02-22 17:05:23,20.93,-17.03,69.8,68,20,24.16,sand,0.0,0.0
471,Temaraia,MR,2020-02-22 17:05:23,20.93,-17.03,69.8,68,20,24.16,sand,0.0,0.0
472,Mar Del Plata,AR,2020-02-22 17:05:12,-38.0,-57.56,66.99,52,20,11.41,few clouds,0.0,0.0
473,La Palma,US,2020-02-22 17:05:24,33.85,-118.05,62.01,62,75,4.7,broken clouds,0.0,0.0
474,Hobart,AU,2020-02-22 17:00:56,-42.88,147.33,55.4,76,90,6.93,overcast clouds,0.0,0.0
475,Caninde,BR,2020-02-22 17:05:25,-4.36,-39.31,74.37,93,92,4.21,light rain,1.44,0.0
476,Rodrigues Alves,BR,2020-02-22 17:05:25,-7.74,-72.65,82.15,89,96,3.4,moderate rain,7.38,0.0
477,Victoria,HK,2020-02-22 17:01:05,22.29,114.16,66.2,77,20,20.8,few clouds,0.0,0.0
478,Tongliao,CN,2020-02-22 17:05:25,43.61,122.27,21.63,63,31,8.81,scattered clouds,0.0,0.0
479,Inhambane,MZ,2020-02-22 17:05:25,-23.86,35.38,84.2,74,40,8.21,scattered clouds,0.0,0.0
480,Puerto Ayora,EC,2020-02-22 17:05:26,-0.74,-90.35,80.6,83,75,3.36,broken clouds,0.0,0.0
481,Lebu,CL,2020-02-22 17:05:26,-37.62,-73.65,69.22,57,3,6.13,clear sky,0.0,0.0
482,Saint-Philippe,RE,2020-02-22 17:05:26,-21.36,55.77,78.8,73,65,5.82,light rain,0.31,0.0
483,Russell,US,2020-02-22 17:05:26,32.35,-85.2,51.01,28,1,5.82,clear sky,0.0,0.0
484,Kerteminde,DK,2020-02-22 17:05:26,55.45,10.66,41.22,71,100,27.18,light rain,0.5,0.0
485,Burkhala,DK,2020-02-22 17:05:26,55.45,10.66,41.22,71,100,27.18,light rain,0.0,0.0
486,Padang,ID,2020-02-22 17:03:14,-0.95,100.35,70.36,85,4,6.55,clear sky,0.0,0.0
487,Burns Lake,CA,2020-02-22 17:05:27,54.23,-125.75,21.87,79,0,2.93,clear sky,0.0,0.0
488,Gizo,SB,2020-02-22 17:04:20,-8.1,156.84,76.87,85,20,2.33,few clouds,0.0,0.0
489,Saposoa,PE,2020-02-22 17:05:28,-6.93,-76.77,77.0,88,90,2.89,overcast clouds,0.0,0.0
490,Necochea,AR,2020-02-22 17:00:29,-38.55,-58.74,75.0,69,0,5.01,clear sky,0.0,0.0
491,Kaele,CM,2020-02-22 17:05:28,10.11,14.45,96.8,12,0,11.41,clear sky,0.0,0.0
492,Bargal,CM,2020-02-22 17:05:28,10.11,14.45,96.8,12,0,11.41,clear sky,0.0,0.0
493,Butaritari,KI,2020-02-22 17:05:29,3.07,172.79,83.35,70,99,6.51,overcast clouds,0.0,0.0
494,Berlevag,NO,2020-02-22 17:05:29,70.86,29.09,36.61,77,55,35.3,broken clouds,0.0,0.0
495,Grand River South East,NO,2020-02-22 17:05:29,70.86,29.09,36.61,77,55,35.3,broken clouds,0.0,0.0
496,Nizhneyansk,NO,2020-02-22 17:05:29,70.86,29.09,36.61,77,55,35.3,broken clouds,0.0,0.0
497,Klyuchi,RU,2020-02-22 17:05:29,52.27,79.17,17.74,95,100,8.41,overcast clouds,0.0,0.0
498,El Nispero,HN,2020-02-22 17:05:30,14.77,-88.33,69.55,76,33,5.1,scattered clouds,0.0,0.0
499,Nuevo Casas Grandes,MX,2020-02-22 17:05:30,30.42,-107.92,59.43,39,100,4.56,overcast clouds,0.0,0.0
500,East London,ZA,2020-02-22 17:05:30,-33.02,27.91,69.8,77,33,26.4,light rain,0.13,0.0
501,Quatre Cocos,MU,2020-02-22 17:05:30,-20.21,57.76,80.6,78,75,4.7,broken clouds,0.0,0.0
502,Leningradskiy,RU,2020-02-22 17:05:31,69.38,178.42,-12.39,96,100,9.48,light snow,0.0,0.13
503,Norman,US,2020-02-22 17:02:26,35.22,-97.44,52.0,59,40,19.46,scattered clouds,0.0,0.0
504,Zhigansk,RU,2020-02-22 17:05:31,66.77,123.37,-16.2,98,80,5.21,broken clouds,0.0,0.0
505,Ust-Kamchatsk,RU,2020-02-22 17:05:31,66.77,123.37,-16.2,98,80,5.21,broken clouds,0.0,0.0
506,Sataua,RU,2020-02-22 17:05:31,66.77,123.37,-16.2,98,80,5.21,broken clouds,0.0,0.0
507,Tambo Grande,PE,2020-02-22 17:05:32,-4.93,-80.34,95.29,35,33,7.9,scattered clouds,0.0,0.0
508,Waingapu,ID,2020-02-22 17:05:32,-9.66,120.26,82.85,79,87,16.11,light rain,2.31,0.0
509,Tezu,IN,2020-02-22 17:05:32,27.92,96.17,66.61,37,100,3.85,overcast clouds,0.0,0.0
510,Dzhebariki-Khaya,RU,2020-02-22 17:05:32,62.22,135.8,-2.94,96,97,2.3,overcast clouds,0.0,0.0
511,Hashtrud,IR,2020-02-22 17:05:32,37.48,47.05,30.81,90,23,0.27,few clouds,0.0,0.0
512,Portland,US,2020-02-22 17:05:32,45.52,-122.68,42.01,93,20,0.96,mist,0.0,0.0
513,Selikhino,RU,2020-02-22 17:05:33,50.37,137.5,-1.05,96,98,5.08,overcast clouds,0.0,0.0
514,Junin,AR,2020-02-22 17:04:42,-34.58,-60.94,71.01,44,0,5.01,clear sky,0.0,0.0
515,Kargasok,RU,2020-02-22 17:05:33,59.06,80.86,1.62,95,46,8.77,scattered clouds,0.0,0.0
516,Aflu,RU,2020-02-22 17:05:33,59.06,80.86,1.62,95,46,8.77,scattered clouds,0.0,0.0
517,Sambava,MG,2020-02-22 17:05:34,-14.27,50.17,74.52,85,69,1.5,broken clouds,0.0,0.0
518,Victoria Point,AU,2020-02-22 17:05:34,-27.58,153.3,73.99,88,75,5.82,shower rain,0.0,0.0
519,Poronaysk,RU,2020-02-22 17:05:34,49.22,143.12,18.05,94,100,13.94,light snow,0.0,1.0
520,Hamilton,US,2020-02-22 17:02:03,39.18,-84.53,43.0,47,1,9.17,clear sky,0.0,0.0
521,Tabiauea,US,2020-02-22 17:02:03,39.18,-84.53,43.0,47,1,9.17,clear sky,0.0,0.0
522,Punta Arenas,CL,2020-02-22 17:05:35,-53.15,-70.92,68.0,63,100,8.05,overcast clouds,0.0,0.0
523,Fortuna,US,2020-02-22 17:03:53,40.6,-124.16,48.0,100,90,4.5,overcast clouds,0.0,0.0
524,Brae,GB,2020-02-22 17:05:35,60.4,-1.35,42.8,81,96,27.51,light rain,0.0,0.0
525,Oranjemund,NA,2020-02-22 17:05:35,-28.55,16.43,65.79,79,0,20.24,clear sky,0.0,0.0
526,Sao Miguel Do Araguaia,BR,2020-02-22 17:00:42,-13.28,-50.16,84.65,68,99,4.05,overcast clouds,0.0,0.0
527,Arraial Do Cabo,BR,2020-02-22 17:05:36,-22.97,-42.03,78.8,74,75,9.17,broken clouds,0.0,0.0
528,Kheralu,IN,2020-02-22 17:05:36,23.88,72.62,68.72,28,0,7.54,clear sky,0.0,0.0
529,Khatanga,RU,2020-02-22 17:05:36,71.97,102.5,2.52,82,98,13.51,overcast clouds,0.0,0.0
530,Aasiaat,GL,2020-02-22 17:03:04,68.71,-52.87,-5.53,94,97,6.15,overcast clouds,0.0,0.0
531,Mvuma,ZW,2020-02-22 17:05:36,-19.28,30.53,71.6,81,89,5.46,overcast clouds,0.0,0.0
532,Nikolskoye,RU,2020-02-22 17:05:37,59.7,30.79,37.4,86,90,24.61,light intensity shower rain,0.0,0.0
533,Barawe,RU,2020-02-22 17:05:37,59.7,30.79,37.4,86,90,24.61,light intensity shower rain,0.0,0.0
534,Whitehorse,CA,2020-02-22 17:01:16,60.72,-135.05,19.4,67,20,17.22,few clouds,0.0,0.0
535,Ca Mau,VN,2020-02-22 17:05:37,9.18,105.15,77.45,68,0,12.26,clear sky,0.0,0.0
536,Grahamstown,ZA,2020-02-22 17:03:04,-33.3,26.53,69.01,85,21,11.01,few clouds,0.0,0.0
537,Gudari,IN,2020-02-22 17:05:38,19.35,83.78,64.31,57,0,1.41,clear sky,0.0,0.0
538,Atuona,PF,2020-02-22 17:05:38,-9.8,-139.03,81.64,79,36,13.69,light rain,0.5,0.0
539,Evanston,US,2020-02-22 17:04:31,42.04,-87.69,43.0,48,1,8.05,clear sky,0.0,0.0
540,Chumikan,RU,2020-02-22 17:05:38,54.72,135.31,-0.96,87,0,3.42,clear sky,0.0,0.0
541,Sembakung,ID,2020-02-22 17:05:38,3.82,117.25,76.19,80,26,6.98,scattered clouds,0.0,0.0
542,Kununurra,AU,2020-02-22 17:05:39,-15.77,128.73,77.0,83,75,2.24,broken clouds,0.0,0.0
543,Manzanillo,CU,2020-02-22 17:05:39,20.34,-77.12,88.97,40,10,8.48,clear sky,0.0,0.0
544,Guerrero Negro,MX,2020-02-22 17:02:07,27.98,-114.06,62.78,68,100,11.41,light rain,0.12,0.0
545,Port Hawkesbury,CA,2020-02-22 17:05:39,45.62,-61.35,32.0,74,90,16.11,overcast clouds,0.0,0.0
546,Bur Gabo,CA,2020-02-22 17:05:39,45.62,-61.35,32.0,74,90,16.11,overcast clouds,0.0,0.0
547,Saleaula,CA,2020-02-22 17:05:39,45.62,-61.35,32.0,74,90,16.11,overcast clouds,0.0,0.0
548,Kokkola,FI,2020-02-22 17:05:40,63.83,23.08,35.01,100,90,11.41,light rain and snow,0.0,0.0
549,Khorramshahr,IR,2020-02-22 17:05:40,30.44,48.17,71.6,46,0,6.93,clear sky,0.0,0.0
550,Elko,US,2020-02-22 17:05:40,41.0,-115.5,36.0,68,90,5.3,overcast clouds,0.0,0.0
551,Comodoro Rivadavia,AR,2020-02-22 17:05:41,-45.87,-67.5,80.6,26,0,13.87,clear sky,0.0,0.0
552,Zhangjiakou,CN,2020-02-22 17:05:41,40.81,114.88,20.23,30,0,3.89,clear sky,0.0,0.0
553,Big Rapids,US,2020-02-22 17:01:25,43.7,-85.48,41.0,59,1,12.75,moderate rain,0.0,0.0
554,Aksarka,RU,2020-02-22 17:05:41,66.56,67.8,17.58,90,95,19.73,overcast clouds,0.0,0.0
555,Vila,PT,2020-02-22 17:05:41,42.03,-8.16,68.0,63,0,4.7,clear sky,0.0,0.0
556,Henties Bay,NA,2020-02-22 17:05:42,-22.12,14.28,66.0,86,37,5.01,scattered clouds,0.0,0.0
557,Altagracia De Orituco,VE,2020-02-22 17:05:42,9.86,-66.38,85.21,48,94,5.68,overcast clouds,0.0,0.0
558,Nuuk,GL,2020-02-22 17:05:42,64.18,-51.72,14.0,66,75,6.93,shower rain,0.0,0.0
559,Nanortalik,GL,2020-02-22 17:05:42,60.14,-45.24,23.45,77,73,5.93,broken clouds,0.0,0.0
560,Muravlenko,RU,2020-02-22 17:05:42,63.79,74.52,10.49,79,73,22.3,broken clouds,0.0,0.0
561,Temple,US,2020-02-22 17:05:43,31.1,-97.34,54.0,61,90,8.05,overcast clouds,0.0,0.0
562,High Rock,BS,2020-02-22 17:03:05,26.62,-78.28,71.6,68,40,24.16,scattered clouds,0.0,0.0
563,Dawei,MM,2020-02-22 17:05:43,14.08,98.2,80.71,58,0,7.14,clear sky,0.0,0.0
564,Kamenka,RU,2020-02-22 17:05:43,51.32,42.77,33.01,91,100,5.99,overcast clouds,0.0,0.0
565,Arlit,NE,2020-02-22 17:05:44,18.74,7.39,80.26,10,100,16.22,overcast clouds,0.0,0.0
566,Dekar,BW,2020-02-22 17:05:44,-21.53,21.93,78.26,50,49,2.89,scattered clouds,0.0,0.0
567,Sawtell,AU,2020-02-22 17:05:44,-30.38,153.1,66.2,93,75,5.82,broken clouds,0.0,0.0
568,Potsdam,DE,2020-02-22 17:01:38,52.4,13.07,53.6,57,75,25.28,broken clouds,0.0,0.0
569,Stromness,GB,2020-02-22 17:05:44,58.97,-3.3,42.8,80,75,49.44,shower rain,0.0,0.0
570,Poncitlan,MX,2020-02-22 17:05:45,20.37,-102.92,73.0,45,5,5.82,clear sky,0.0,0.0
571,Badian,PH,2020-02-22 17:05:45,9.86,123.4,71.15,85,0,6.69,clear sky,0.0,0.0
572,Saint-Georges,GD,2020-02-22 17:05:45,12.06,-61.75,82.4,69,20,12.75,few clouds,0.0,0.0
573,Pevek,RU,2020-02-22 17:05:45,69.7,170.31,-12.41,98,100,10.11,light snow,0.0,0.13
574,Kunyang,CN,2020-02-22 17:05:45,27.67,120.57,51.91,69,82,1.48,broken clouds,0.0,0.0
575,Beatrice,US,2020-02-22 17:05:46,40.27,-96.75,45.0,60,1,16.11,clear sky,0.0,0.0
576,Castro,BR,2020-02-22 17:05:46,-24.79,-50.01,71.71,79,92,3.91,light rain,0.62,0.0
577,Esterhazy,CA,2020-02-22 17:05:46,50.65,-102.08,30.7,84,66,3.38,broken clouds,0.0,0.0
578,Iracoubo,GF,2020-02-22 17:05:46,5.48,-53.2,80.15,83,93,15.55,light rain,0.19,0.0
579,Lamu,KE,2020-02-22 17:05:46,-2.27,40.9,81.64,81,87,18.75,overcast clouds,0.0,0.0
580,Turiacu,BR,2020-02-22 17:05:47,-1.66,-45.37,83.95,73,47,5.35,scattered clouds,0.0,0.0
581,Nago,JP,2020-02-22 17:05:47,26.59,127.98,64.4,72,75,18.34,broken clouds,0.0,0.0
582,Poum,NC,2020-02-22 17:05:47,-20.23,164.02,80.67,80,5,17.67,clear sky,0.0,0.0
583,Taloqan,AF,2020-02-22 17:05:47,36.74,69.53,46.02,52,0,0.76,clear sky,0.0,0.0
584,Turukhansk,RU,2020-02-22 17:05:47,65.82,87.98,5.32,97,96,3.11,overcast clouds,0.0,0.0
585,Zaozhuang,CN,2020-02-22 17:05:48,34.86,117.55,37.96,41,0,6.35,clear sky,0.0,0.0
586,Bilibino,RU,2020-02-22 17:05:48,68.05,166.44,-21.21,98,100,2.77,overcast clouds,0.0,0.0
587,Saldanha,ZA,2020-02-22 17:05:48,-33.01,17.94,73.4,69,44,13.87,scattered clouds,0.0,0.0
588,Noshiro,JP,2020-02-22 17:05:48,40.2,140.02,43.05,67,95,29.62,light rain,1.38,0.0
589,Lastoursville,GA,2020-02-22 17:05:48,-0.81,12.73,77.14,88,94,3.53,light rain,1.69,0.0
590,Los Llanos De Aridane,ES,2020-02-22 17:05:49,28.66,-17.92,69.8,60,20,10.29,few clouds,0.0,0.0
591,Yabelo,ET,2020-02-22 17:05:49,4.88,38.08,76.26,32,39,14.74,scattered clouds,0.0,0.0
592,Oakley,US,2020-02-22 17:05:49,38.0,-121.71,60.8,62,40,4.65,scattered clouds,0.0,0.0
593,Cairns,AU,2020-02-22 17:05:49,-16.92,145.77,78.01,100,75,9.17,light intensity shower rain,0.0,0.0
594,Bajil,YE,2020-02-22 17:05:50,15.06,43.29,74.73,74,64,2.75,broken clouds,0.0,0.0
595,Rawson,AR,2020-02-22 17:05:50,-43.3,-65.1,71.51,43,0,16.49,clear sky,0.0,0.0
596,Anchorage,US,2020-02-22 17:02:09,61.22,-149.9,19.4,92,90,2.84,overcast clouds,0.0,0.0
597,Tsabong,BW,2020-02-22 17:05:50,-26.02,22.4,73.78,72,100,6.96,light rain,2.44,0.0
598,Salalah,OM,2020-02-22 17:05:50,17.02,54.09,77.0,69,20,5.82,few clouds,0.0,0.0
599,Soyo,AO,2020-02-22 17:04:06,-6.13,12.37,82.6,88,99,11.92,light rain,1.5,0.0
600,Severo-Kurilsk,RU,2020-02-22 17:05:51,50.68,156.12,11.95,89,84,5.32,broken clouds,0.0,0.0
601,Sentyabrskiy,RU,2020-02-22 17:05:51,50.68,156.12,11.95,89,84,5.32,broken clouds,0.0,0.0
602,Xuanhua,CN,2020-02-22 17:05:51,40.61,115.04,25.0,26,0,3.47,clear sky,0.0,0.0
603,Byron Bay,AU,2020-02-22 17:05:51,-28.65,153.62,73.4,69,75,9.17,broken clouds,0.0,0.0
604,Guarapari,BR,2020-02-22 17:05:52,-20.67,-40.5,82.4,74,40,14.99,scattered clouds,0.0,0.0
605,Tsihombe,BR,2020-02-22 17:05:52,-20.67,-40.5,82.4,74,40,14.99,scattered clouds,0.0,0.0
606,San Quintin,MX,2020-02-22 17:05:52,30.48,-115.95,61.65,71,70,9.55,light rain,0.13,0.0
607,Tasiilaq,GL,2020-02-22 17:05:52,65.61,-37.64,17.6,67,75,4.7,broken clouds,0.0,0.0
608,Puerto Varas,CL,2020-02-22 17:05:52,-41.32,-72.99,80.6,30,0,5.82,clear sky,0.0,0.0
609,Vicuna,CL,2020-02-22 17:05:53,-30.03,-70.71,84.0,77,75,10.29,broken clouds,0.0,0.0
610,Port Alfred,ZA,2020-02-22 17:05:53,-33.59,26.89,69.01,85,31,11.01,scattered clouds,0.0,0.0
611,Aklavik,CA,2020-02-22 17:05:53,68.22,-135.01,-2.2,83,90,3.36,light snow,0.0,0.0
612,Altay,CN,2020-02-22 17:05:05,47.87,88.12,22.24,57,100,2.37,overcast clouds,0.0,0.0
613,Phalodi,IN,2020-02-22 17:05:53,27.13,72.37,69.21,44,0,8.97,clear sky,0.0,0.0
614,Manadhoo,MV,2020-02-22 17:05:54,5.77,73.38,83.66,77,100,15.05,overcast clouds,0.0,0.0
615,Mucuri,BR,2020-02-22 17:05:54,-18.09,-39.55,87.75,67,83,10.85,moderate rain,4.69,0.0
616,Onega,RU,2020-02-22 17:05:54,63.91,38.14,34.18,84,100,21.23,overcast clouds,0.0,0.0
617,Olga,RU,2020-02-22 17:05:54,43.74,135.29,26.33,65,100,34.87,light snow,0.0,0.5
618,Talnakh,RU,2020-02-22 17:05:55,69.49,88.4,5.0,84,75,15.66,light snow,0.0,0.0
619,Kenitra,MA,2020-02-22 17:05:55,34.26,-6.58,75.0,56,0,10.29,clear sky,0.0,0.0
